-- phpMyAdmin SQL Dump
-- version 5.2.1
-- https://www.phpmyadmin.net/
--
-- Host: 127.0.0.1
-- Generation Time: Feb 27, 2024 at 04:00 AM
-- Server version: 10.4.32-MariaDB
-- PHP Version: 8.1.25

SET SQL_MODE = "NO_AUTO_VALUE_ON_ZERO";
START TRANSACTION;
SET time_zone = "+00:00";


/*!40101 SET @OLD_CHARACTER_SET_CLIENT=@@CHARACTER_SET_CLIENT */;
/*!40101 SET @OLD_CHARACTER_SET_RESULTS=@@CHARACTER_SET_RESULTS */;
/*!40101 SET @OLD_COLLATION_CONNECTION=@@COLLATION_CONNECTION */;
/*!40101 SET NAMES utf8mb4 */;

--
-- Database: `pets_care`
--

-- --------------------------------------------------------

--
-- Table structure for table `address`
--

CREATE TABLE `address` (
  `Id` int(11) NOT NULL,
  `UserID` int(11) NOT NULL,
  `Address` varchar(150) NOT NULL
) ENGINE=InnoDB DEFAULT CHARSET=utf8mb4 COLLATE=utf8mb4_general_ci;

--
-- Dumping data for table `address`
--

INSERT INTO `address` (`Id`, `UserID`, `Address`) VALUES
(1, 2, '4/11,tata value homes,chennai'),
(2, 2, 'check');

-- --------------------------------------------------------

--
-- Table structure for table `bookings`
--

CREATE TABLE `bookings` (
  `BookingID` int(11) NOT NULL,
  `UserID` int(11) DEFAULT NULL,
  `PetID` int(11) DEFAULT NULL,
  `Service` varchar(100) DEFAULT NULL,
  `Type` varchar(100) DEFAULT NULL,
  `AppointmentDate` date DEFAULT NULL,
  `AppointmentTime` time DEFAULT current_timestamp(),
  `Amount` int(11) DEFAULT NULL,
  `PickupAddress` varchar(200) DEFAULT NULL,
  `IsInCart` bit(1) DEFAULT NULL,
  `status` int(11) NOT NULL,
  `confirmed` bit(11) DEFAULT NULL,
  `Hospital` varchar(150) NOT NULL
) ENGINE=InnoDB DEFAULT CHARSET=utf8mb4 COLLATE=utf8mb4_general_ci;

--
-- Dumping data for table `bookings`
--

INSERT INTO `bookings` (`BookingID`, `UserID`, `PetID`, `Service`, `Type`, `AppointmentDate`, `AppointmentTime`, `Amount`, `PickupAddress`, `IsInCart`, `status`, `confirmed`, `Hospital`) VALUES
(10, 2, 2, 'Veterinary', 'Female', '2023-11-17', '00:20:23', 3999, '', NULL, 0, b'00000000001', ''),
(14, 4, 2, 'Training', 'Female', '2023-11-17', '00:20:23', 999, '4/11,tata value homes,chennai', NULL, 0, b'00000000001', ''),
(15, 4, 2, 'Training', 'Female', '2023-11-17', '00:20:23', 999, '4/11,tata value homes,chennai', NULL, 0, b'00000000000', ''),
(17, 4, 2, 'Walking', 'Female', '2023-11-17', '00:20:23', 3499, '4/11,tata value homes,chennai', NULL, 0, b'00000000000', 'ABC Hospital'),
(64, 2, 2, 'Veterinary', 'Anti Tick Treatment', '2023-12-29', '00:00:04', 1499, 'chennai', b'1', 0, NULL, 'ABC Hospital'),
(65, 2, 2, 'Grooming', 'Wash-n-Dash', '2024-02-11', '00:00:08', 899, '123', b'1', 0, NULL, 'ABC Hospital'),
(66, 2, 2, 'Grooming', 'Wash-n-Dash', '2024-02-14', '00:00:04', 899, '2jhou12he', b'1', 0, NULL, 'XYZ Hospital'),
(67, 2, 2, 'Veterinary', 'General Consultation', '2024-02-16', '00:00:08', 49, 'dfyugiuryiu', b'1', 0, NULL, 'ABC Hospital'),
(68, 2, 2, 'Veterinary', 'General Consultation', '2024-02-16', '00:00:08', 49, 'dfyugiuryiu', b'1', 0, NULL, 'ABC Hospital'),
(69, 2, 1, 'Walking', '2 Time Walk', '2024-02-22', '00:00:08', 1999, 'msiuasuhhd', b'1', 0, NULL, 'UVW Hospital'),
(70, 2, 14, 'Veterinary', 'Corona virus Vaccination', '2024-02-20', '00:00:04', 1298, 'srj', b'1', 0, NULL, 'UVW Hospital'),
(74, 15, 15, 'Veterinary', 'Dog Vaccination Pack', '2024-02-23', '00:00:04', 2999, 'chennai', b'1', 0, NULL, 'XYZ Hospital'),
(76, 15, 16, 'Training', 'Obedience Store', '2024-02-20', '00:00:08', 499, 'salem', b'1', 0, NULL, 'XYZ Hospital'),
(135, 15, 17, 'Veterinary', 'Corona virus Vaccination', '2024-03-02', '00:00:04', 1298, 'salem', b'1', 0, NULL, 'ABC Hospital');

-- --------------------------------------------------------

--
-- Table structure for table `customer_details`
--

CREATE TABLE `customer_details` (
  `UserID` int(11) NOT NULL,
  `Name` varchar(255) NOT NULL,
  `Email` varchar(255) NOT NULL,
  `PhoneNumber` varchar(20) NOT NULL,
  `Password` varchar(255) NOT NULL,
  `isAdmin` bit(1) DEFAULT b'0',
  `designation` int(11) NOT NULL
) ENGINE=InnoDB DEFAULT CHARSET=utf8mb4 COLLATE=utf8mb4_general_ci;

--
-- Dumping data for table `customer_details`
--

INSERT INTO `customer_details` (`UserID`, `Name`, `Email`, `PhoneNumber`, `Password`, `isAdmin`, `designation`) VALUES
(1, 'Admin', 'admin@gmail.com', '1234567890', '123', b'1', 0),
(2, 'Geetha Sridhar', 'user@gmail.com', '1234567890', '012', b'0', 0),
(3, 'deeksha tha', 'deekshi@gmail.com', '1234567890', '234', b'0', 1),
(4, 'hoax', 'vasa', 'caxca', 'casa', b'0', 0),
(7, 'rgawrg', 'wef@gmail.com', '4564276', '267', b'0', 0),
(8, 'rgae', 'regrseh@gmail.com', '1234567876', '567', b'0', 1),
(9, 'kelly', 'kelly@gmail.com', '1234567898', '298', b'0', 2),
(10, 'krishna', 'krishn@gmail.com', '9876543218', 'krishna', b'0', 0),
(11, 'Radhika', 'ra@gmail.com', '6748837378', 'ra123', b'0', 3),
(12, 'keerthi', 'keer@gmail.com', '5678987654', '987', b'0', 3),
(13, 'ashu', 'ashu@gmail.com', '9879879879', '12345', b'0', 2),
(15, 'pavi', 'pavi@gmail.com', '7897897897', '1234', b'0', 9);

-- --------------------------------------------------------

--
-- Table structure for table `designation`
--

CREATE TABLE `designation` (
  `Id` int(11) NOT NULL,
  `dest` varchar(50) NOT NULL
) ENGINE=InnoDB DEFAULT CHARSET=utf8mb4 COLLATE=utf8mb4_general_ci;

--
-- Dumping data for table `designation`
--

INSERT INTO `designation` (`Id`, `dest`) VALUES
(2, 'ABC Hospital'),
(3, 'UVW Hospital'),
(4, 'SWK Hospital'),
(6, 'POR Hospital'),
(7, 'KMN Hospital'),
(9, 'User');

-- --------------------------------------------------------

--
-- Table structure for table `orders`
--

CREATE TABLE `orders` (
  `id` int(255) NOT NULL,
  `user_id` varchar(150) NOT NULL,
  `payment_id` varchar(150) NOT NULL,
  `amount` varchar(150) NOT NULL,
  `product_id` varchar(150) NOT NULL
) ENGINE=InnoDB DEFAULT CHARSET=utf8mb4 COLLATE=utf8mb4_general_ci;

-- --------------------------------------------------------

--
-- Table structure for table `pets`
--

CREATE TABLE `pets` (
  `PetID` int(11) NOT NULL,
  `UserID` int(11) DEFAULT NULL,
  `PetName` varchar(50) DEFAULT NULL,
  `PetType` text DEFAULT NULL,
  `PetGender` text DEFAULT NULL,
  `Breed` text DEFAULT NULL,
  `BirthDay` date DEFAULT NULL,
  `Weight` int(11) DEFAULT NULL
) ENGINE=InnoDB DEFAULT CHARSET=utf8mb4 COLLATE=utf8mb4_general_ci;

--
-- Dumping data for table `pets`
--

INSERT INTO `pets` (`PetID`, `UserID`, `PetName`, `PetType`, `PetGender`, `Breed`, `BirthDay`, `Weight`) VALUES
(1, 2, 'shiro', 'Dog', 'male', 'husky', '2022-12-10', NULL),
(2, 2, 'hulk', 'dog', 'male', 'rotwiller', '2022-11-07', NULL),
(14, 2, 'Cat', 'cat', 'female', 'rotwiller', '2023-01-11', NULL),
(15, 15, 'abc', 'dog', 'female', 'husky', '2024-02-07', NULL),
(16, 15, 'meow', 'cat', 'female', 'husky', '2024-03-05', NULL),
(17, 15, 'pushy', 'cat', 'male', 'husky', '2024-02-01', NULL);

-- --------------------------------------------------------

--
-- Table structure for table `services`
--

CREATE TABLE `services` (
  `ServiceID` int(11) NOT NULL,
  `PetType` text DEFAULT NULL,
  `Service` text NOT NULL,
  `Type` text NOT NULL,
  `Amount` int(11) NOT NULL,
  `Rating` int(11) NOT NULL,
  `Info` varchar(1000) NOT NULL,
  `Image` blob NOT NULL,
  `Image_type` varchar(255) NOT NULL
) ENGINE=InnoDB DEFAULT CHARSET=utf8mb4 COLLATE=utf8mb4_general_ci;

--
-- Dumping data for table `services`
--

INSERT INTO `services` (`ServiceID`, `PetType`, `Service`, `Type`, `Amount`, `Rating`, `Info`, `Image`, `Image_type`) VALUES
(1, 'Dog', 'Veterinary', 'General Consultation', 49, 4, 'If your pet is suffering from major conditions you might consider upgrading to the other packages we have to offer. Skin problems, Ear diseases, Urinary tract infections, Vomiting, Diarrhea, Parasites, Dental issues, Obesity, Arthritis, Poisoning, etc.', 0x687474703a2f2f3137322e31372e35312e34322f706574696f732f696d616765732f372e6a706567, ''),
(2, 'Dog', 'Veterinary', 'Dog Vaccination Pack', 2999, 5, 'This package provides essential vaccinations, such as DHPPIL Booster, Corona Booster, and Anti-Rabies Booster, safeguarding your dog against common diseases, administered by licensed veterinarians.', 0x687474703a2f2f3137322e31372e35312e34322f706574696f732f696d616765732f31312e6a706567, ''),
(4, 'Dog', 'Veterinary', 'Anti Tick Treatment', 1499, 4, 'Keep your dog healthy and comfortable by using vet-approved anti-tick treatment, which eliminates and prevents tick infestations, protecting against diseases with regular use.', 0x687474703a2f2f3137322e31372e35312e34322f706574696f732f696d616765732f32382e6a706567, ''),
(5, 'Dog', 'Veterinary', 'Corona virus Vaccination', 1298, 5, 'The dog coronavirus vaccine, given by vets, helps prevent a specific virus, reducing symptoms and transmission; making regular vaccinations important for your dog\'s health.', 0x687474703a2f2f3137322e31372e35312e34322f706574696f732f696d616765732f32342e6a706567, ''),
(6, 'Dog', 'Veterinary', 'Home Visit Consultation', 999, 5, 'Veterinary home visits bring personalized care to your dog at home. A licensed vet checks your pet, gives advice, and addresses concerns, making healthcare convenient and stress-free, especially for older or anxious dogs.', 0x687474703a2f2f3137322e31372e35312e34322f706574696f732f696d616765732f392e6a706567, ''),
(7, 'Dog', 'Training', 'Obedience Store', 499, 5, 'The dog obedience program is a structured training led by pros, focusing on commands, leash manners, and social skills. Using positive reinforcement, it aims to build good behavior and enhance the bond between owner and dog for well-behaved companions.', 0x687474703a2f2f3137322e31372e35312e34322f706574696f732f696d616765732f332e6a706567, ''),
(9, 'Dog', 'Training', 'Guarding & IPO Protection Program', 999, 4, 'The Guarding and IPO Protection Training program teaches dogs to excel in obedience, tracking, and protection tasks, preparing them for security or law enforcement roles through specialized, disciplined training.', 0x687474703a2f2f3137322e31372e35312e34322f706574696f732f696d616765732f382e6a706567, ''),
(10, 'Dog', 'Training', 'Aggression & Behaviour Modification', 999, 4, 'The Aggression and Behavior Modification training helps dogs overcome aggression issues through positive reinforcement, guided by skilled trainers for a more positive and well-behaved pet.', 0x687474703a2f2f3137322e31372e35312e34322f706574696f732f696d616765732f31372e6a706567, ''),
(12, 'Dog', 'Grooming', 'Wash-n-Dash', 899, 5, 'Wash-n-Dash is a fast grooming service for dogs, ensuring a quick and clean bath for a fresh-smelling pup. Perfect for busy pet owners.', 0x687474703a2f2f3137322e31372e35312e34322f706574696f732f696d616765732f392e6a706567, ''),
(15, 'Dog', 'Walking', 'Demo Walk', 0, 5, 'Demo Walk', 0x687474703a2f2f3137322e31372e35312e34322f706574696f732f696d616765732f31302e6a706567, ''),
(16, 'Dog', 'Walking', '1 Time Walk', 999, 5, '1 Time Walk', 0x687474703a2f2f3137322e31372e35312e34322f706574696f732f696d616765732f31382e6a706567, ''),
(17, 'Dog', 'Walking', '2 Time Walk', 1999, 4, '2 Time Walk', 0x687474703a2f2f3137322e31372e35312e34322f706574696f732f696d616765732f31372e6a706567, ''),
(18, 'Cat', 'Veterinary', 'General Consultation', 49, 4, 'If your pet is suffering from major conditions you might consider upgrading to the other packages we have to offer. Skin problems, Ear diseases, Urinary tract infections, Vomiting, Diarrhea, Parasites, Dental issues, Obesity, Arthritis, Poisoning, etc.', 0x687474703a2f2f3137322e31372e35312e34322f706574696f732f696d616765732f32322e6a706567, ''),
(19, 'Cat', 'Veterinary', 'Cat Vaccination Pack', 2999, 5, 'This package provides essential vaccinations, such as DHPPIL Booster, Corona Booster, and Anti-Rabies Booster, safeguarding your dog against common diseases, administered by licensed veterinarians.', 0x687474703a2f2f3137322e31372e35312e34322f706574696f732f696d616765732f32352e6a706567, '');
INSERT INTO `services` (`ServiceID`, `PetType`, `Service`, `Type`, `Amount`, `Rating`, `Info`, `Image`, `Image_type`) VALUES
(21, 'Cat', 'Veterinary', 'Anti Tick Treatment', 1499, 4, 'Keep your dog healthy and comfortable by using vet-approved anti-tick treatment, which eliminates and prevents tick infestations, protecting against diseases with regular use.', 0xffd8ffe000104a46494600010100000100010000ffdb00840006060606060606070706090a090a090d0c0b0b0c0d140e0f0e0f0e141f1316131316131f1b211b191b211b312622222631382f2d2f38443d3d445651567070960106060606060606070706090a090a090d0c0b0b0c0d140e0f0e0f0e141f1316131316131f1b211b191b211b312622222631382f2d2f38443d3d44565156707096ffc20011080215032003012200021101031101ffc40035000001050101010000000000000000000004000102030506070801000301010101010000000000000000000001020304050607ffda000c03010002100310000000ee7d37cc3d3bb3ccd9ba9b79fbdd3b4dc452c5bcb17176f17a385dd2731a2ea102065860164eb6545004d0473f468f47cef434fa2d0cfd1d1da9d262666a66b5990b20aa56d760ec93490a4cf52f2671276769f441d01991941d5211c2da122c26b281716d16e25c129c480bcaaafe66f38588a81d10f6910a893a051829385ceab632c54a1725d945d34ec922149153299b3b560658e3ce22b95ccc42e900da74d242d81502896d74e2d360aabba34e31b696b079edbc45b743d9f09d74c75f78c6467c67a7f977a873e1b57d17f3f7ba4a6e23123de78b87bb81d1c12783b961ee19028448203e5e86645d048a561be9743cf744df43a39da3a3b93a4c5cdd3cd6b32164153db5d83b24ce87946552eece277676aed4ccd72adac818aa6890da48587ab91b4074db4ec5c667108d13f3b53109925ce2b6ab47110b13648aa0c64eeae7156b274c6a0b19ab2f12e0b9e1396f0b2214b5b16469229602d3aee6754aa0a05b84b500ee1e815a6f4e30baa0ada69a60cecea7ce65e8071b97d5729d1627a06964eb9cfc1fa87977a86186e5f45f877ba4a2d85bc0bcc3c3e804db9f0a44d17cf58a6502cd035010cdcdd8cb8a08a1efc3a34fa1e7ba01f47a599a5a97a4ea85ced2cd6b3213826f6d760ed7674e4ecf52eece2774ed5fb391b2aed10b18608a685ac859e685ace7d2551aa83ceda1f5f3b4f00b933f38ac85a3a83301d91068078ed7652592ae6a9a82200249eba922d16e4ef5179699d04692296014de3e92d44c6a2a12d1a942bb1983cac414557554e29d9a8e46a61d3c3840a8dd6b66958bf42e8796ea0e7e0fd47cb7d470e7dd246270ef4942685a6db74c730523274c0cccd80c79d4df55f38211e1081cad8c99b02eaecc37d3dec0df1f47a799a7a3bdd2543e6e96735955db5a72b2bb076ca324ddd9ea5e51909dd9da3b5b3f495b8c48a3081bc1da0603402d50f0b15aa6e6bd851f497ca24ed993b633a638268baa91e29839a4d24de0876a83a214118a99f6669d689b06b1043d53973a2fa599c2922e93014a12c168b6ba49ec701ebb286575caba1462ccaf9bdde5aeb3f4f3f5b2de2ef5667a0f5bc4f68b0e03d4bcafd479b9ba0285271ef7a2f19369a7a9c9c0e839fdf8742dcd3e37ce18d0ef00c3382701e4ebe54bce9b3e1be8eff3fbe574ba799a7a321d9e686cfd1cea5955db5272b2bb076ca3243bb3d2794644bca363358e10b9d18626866467e9e56f158b78f6a8767b4e452501f7d57720c949172946d8435e2ea8f3737466ad8d8a5d31ba0d56d3e230db96f3ee8acf9ef7f07e85f13d6ebe7f629d72f7bc1b2d1e49975bc55670c4d1a45419c0d209d5d43c2f18061ed169c688516ae6a9530703a1a6ab30f25b2b005304cebaaefbce7d0e72e13d4fcabd4b9b97a22852b1ee710b113b93b332b9fe8b9edf86a2079d44c6baa010238210795ad948cf4961be86f606f2ae9f4f2f534a21d9e6a8ced1cfa59355b5272b6ab02d94649bbb3d2794644bdd494dea9545d3a353656d66646ce2ef038f6d3a2aa51952b8d13420266cfce35b5de3b6abe9a79e21a16d37e8e5e8a663c1677266401f86f5de75e07bba46e19bcdd7ab91a2f96be9fb7e5dea3f49f3724d2ebe3b59ab540d50aee6d0caaa816db20d403bc4a071ed54e92cdd616355d28b273346de7dbcbcf3c12c10ce0f3bd8f48f34f4759f0bea7e55ea7c9cdd294217976b86606992cec3cce7fa1e7ba38689c2cbc9aabaa4c40cd0c41e56b65233a338e1b9fbb83baaba7d5cad4d2897694d8f9fa39d53954dd4a6f6d5685b28c93776952528cc9734239bd5b2139d2aae63d48f8da99bb4e7d21e6e1d1b5208eeae727442d089b53b62e44d2436f4dd430407440d531f9c65072a9f3ab73cdf35e5e9e0ab2178bee33123da3840a9e7e8eafd9fc17defd5f223383fabe44a99d63ccac8aed4d4e2148b68945635d45149149ccd0d20cfcc59e766867669b9dab04526874086689167fa379b7a24c713ea7e57ea3c9cbd41811b976b885889931930f3303a0c0e8e11a75d9592aa758c70cd0842656b65233a16578ec7ee616dcdf53a993ada512eceaa9cfd0cf6b269ba81cadaac45b38c937945e94a51912e606537b16d374e950c4d152167e8e7e8bcdafb357e73dfe4f44cc82bbad9f22eb3d0f37b464bbfcd22faaf775d3654d540e807a2149a2eb0b954b374f88ee795f85edf5c7f23a6eb51b0827478199663d5e97ed7e47eb7e9f8ac9977f9ef17600eabc7b274b8e150f6556574d95b25a029e91c5517e6eacbd1c8b33c12c2d285a08a1b0852c78a97a179e77aa792f50f2df4fe2e5eb4d04e8ec710b166886761e76074181bf10765765e2abb2b4c60cc0c4265ea65867556538eda1b783b737d56b646b68ca9466ae803433dac91c91c1edaad4ed94649bca32a4f28c897207bdbd8207be74ac7bc7a9080d00359e3b7c17f0bdfaf17b1ced70e381e8f279fa61e8be5822cfdf6de0eef5bc9eba1c767eb3df0de538f17eb783e4dcd63b7aa9dc50de6f6cf38ba235e46beb6ada797d03f95b65ecf35d065d1eb3ec3e15ee9e879099d7a3e732480610a0ec80d650c8d72ad9525732d32abd23afa6ecd898baf87a818848d743d040c316aba0aabee38ceda6791f4af34f47e2e6eccecfd08eb90a50b34424879f81d060edc60595d9a60abb2b4c60cc09a172f4f3119945d463b1db585b717d66be36ceacb9c26ae9034006b207245095955a3b6709cb7946549e51912e50a7b7a574273a543dc25cd21100693473fb03f07a450781a3c3dc401a60f47363f2dd2dbc7be567eb8393f33eff37bfeac383ea730700f9dd20d3ea396ebb93473e201d2abc8d2bf215753959d7a7cf68537ddfa4fbffce5f457679d7b52fe9f9d7465100c3302b43d16d2c8c26ec816c50a337641d6512961e2eb646a083df45552292314334e289f6bc676ca788eff00cfbb0e0c3d174f1348d8c19e88d0d5530c6c3d7c5d7903b2bb34c5576413142342684ccd3cd0ca1891b0d8cdac3da8beb767176b5664e1357500782d640a5880f6d562774e134e4f1952794664b9e092deacc324aac3381b8133f441d632a1603a16f33da73bf2df527678a754d15dc167897cbf46fb65e55e932e93b39b81e3ba90f9ba2fd0083c74ab196cdcf0fa1bd2562731d7f340d9c58032f0349c7bde8fe39ed3be02930c2e9c3a9d2f35852f5fd2f1cd7d73f4baf1b67af95ee913531b1e093533a185dc19431b2f632a8cda2f1eaa81efa0aaa364427db717db4cf01bb83a7e765e9fa9ceeb5c6844618d36a21d8551927e6e98576573acdebb2098c09c1341e6e966a3284284c762f631b5e2fb0dbc3dbd59b65732eb04f04592198189ecaec5574ebb10f28ca93ce3214a75ca83b4333487104bcea2b06e075cc30efa3645e90a6797dfe63d2735adf3df46479df622edc1b5b3ccf57be07e0767cc7a1c5e6187bfe7dc3e842795b99de7f2036fef8621381dc56429b1e9b2e9c62f95043adb05845e9773c37a2dc6eeeda47a1e7e5f23eb98cd78ce3fa3e4e1d395e8fe41a36bdf2fe7777d3f39ea7ada684a345a48d7a2399a79ccc914a0eaaaae6ceab8db009f6dc3f5d33c2e866e8f9b9fa1ebe7dba657f9a17e1bef737d39d0fcfdea5c3a74c098371ea34e13acde12826384684d079ba39c964866078ee4ec636be77d86ee0ef6c1b3858695827042c908e044acaec2aeb2bb24794654a528c84eecec24910956262ef806bcf01b996ef24a15f68eccc07571c7c9f7588f9ff746f9f7d54de8cfc6baa0789eae1fb500c3ea59e31e5de97e77e7fa56315cf338ceb393dae8e6e77bdbbb59918f0fcd73e8d109efa31f6440ea7abdfe67bb9ae50a6e4b6cfd27d37e6ae8dcfd0dcd3eff0047279f81d272f874f61d0f9d69b9ef2fe156d9f752e23676cfa5b73c8ece6200241a59a0980d5c2754db6a3a3d389e1b5cbcd6b234f2f4bcd9f50ced396d3f3a79f7d5b8bf53c7f2ff00ae777b7c75d34091bc2e80a75cf4c650be6ab3423c3273f3b5810c10b647c76175e8d48be8f7b1b6b50db2bb169004e09ac904f01a565762abacaec91e5195294a3213ca3630d26abb3da8ce2f29682e59386b793e4696875da995a77e7f3fc474e0f95e9e4f3fd4e063bf3dc67adf43b719faf9f94ba382e335f90f37d47cb187ebe4bfd83c8bafa9ef391a4173834dd5d21bb01cb8aab8af46cc460775e75d66b1d979a7b5f99eb9f2560e9576ded1f377b2bcfb5e4bab7e9e6f237ec389e7e97a42a33d353a4f2fd11fbb6a798f65e8f16f8e0c7bf9582b614ebbaebc5dd6c07a5c2f9ae4fb6e5759e2f60def79f3b74a572d4417428a615d7581489a83a9c99970b879d301d54912933c7d6ae6b121b309acbbcd49dda79875ce8da2914304684d6501a19ed29d764d5d6d36a2528ca894a3325c9626749b4458de3956e3c7443048c28e996df2dd56f8f6078c5ebe572bca7638de7fa184b7f139ba743a6cfe9ba39aff0021f71f05d2b87e5ba2c4f3fd7e40bc7ecb4e3ab5a9c78adaa65d95e7c4d5e89cad2e0c7f54e7408dcf3e272d3a7d1f3defae3d2784ef39eebe4f2407473f2da5dbf05d08fddb4f9ad9e8e42381ef33ee7c4eaebb93e6eb1b337f2d3d7f51f1ef46b5dedd7e87b7e5655ba35b91675ebcbeb0dae7c5a64e074999a413bf99a90e51509a68a612941c736641586666863f38b80d27d7f67cf3adc35d680cb3bba15c4271ad916920c9adc2f27477c0810a16965e769673519c273575b55a894a32a245d47cd29cea8da8cd279e5d2b2982c7b02c9bf3e769f5bc9f61d3c5da98215b78f99caf73cbf3f46973198b87bfb8eb70f73b78aaf17f601dd7cafe7fed1e57c7eb6af71d3535c7c86476d54be70ed7d9c74c3e7fbbc9b9e4e9ecc0e7db95c7e9b01d0fe9185d96d8ec62eee675f1f93e7e96063d35e8857b5ed5abcbf4fa606d99c6699e1709eafca17c364f6b9196dce7b7f8d7aa6f9fa4bdb47a5e75405b9b455dbf09df655d3573a39e86ad881435317692509c138b3b34cece9c993055caf53e774793f042e067d3e9bdff00ceddec9f4968606f669d946a5984cbf439379735afcfbece9f3fa58bd7ac76d73a83269457293a6ac8cc6a71b42f2c19ad8b1e158f3f9ad9e7e3b2a0347231ebcb812739ceecb17abeaf3f72fae77e73a938f8b17ace7787bfa5dac3d8db11437cba593e33e95cc73fa3bc0f30c8e94bc2e8ccaf85e4d658e1f418b15cbe476989cdd5cd99afac985d24afe8e6801a4db65e47ca7b0f399747170dc1e6bb6ee78aebf5c19da9accf1ad4d0b85d4c68f28f50e4fd1eeba9074b33d0e1cb0ca85387500ee6537e64b8d95b7d2f95fa44d686ee0ef674a3284d45244c5d90e4920a78fec70a8f93f8df63f27cfa69f5df2bf725d5e8fa21dd9725f4dfa5d18f9779cfbcf11f75f1be75ec3cd76be37b645d40df29ef6bae7c46ba75c95c3ea65ccd8d7493e6e42e948e6f55d5f1a689ead159b5cd01922111d1a38bd2f3601e96711d58ed75381d57479653c58c2518da05d37933a634b5018aa33ce60c097423abf3ecbedc7cb6e40ce8669659462a8c90b621358956d466b1493284c6aeda0249d34063f579a572609a5e5b6b6c8656b84c228615e504731e6f5390b7b26dd97a066e8e7f77264c2eaacd4e8f90ddca08f3cec382b5d1fa1f3dd761ae2741cf74398a1369b8321844200a65c93c8d9ba99cdf3bc2fb28947cfdd5fa10eb5ac9249ca6cd808db91733402d2408dd500206a85cbd18993b98dcdd3956535469a760445491285f517f4dcf74561c2942ada219b9d1a723d0e6f4611e57a5e5f56d68956d3e83d0626ef4f892648979426069145cae507430b3f6a9978ac68320f9a6674680c2c6cb5b35314ea9b9533a9187b469aa2a2069b80f70c9bc615a778e9c00bef80edb479b92687608eb666a0a74595b40130d2d0ec85bebf438b369346b21b18fab103717d8f1d6bd33a4e73a1e6db0fa3e77a185267ae6c7c32b99a2fe8f81efd2d34c87308ca138034f990fbfafc7f6c7eb24f3fa6a364bce3db101301a91e0f16521688fcfb6365f550c35e367d85cce5cde8efb8c02376cb8c62f466ccecfdec5cbb46ce273f0ec0fa2e6ba5d39b3b9adbc77d3957c75f5cfb7d510ceaf0593b09aea491956d735a3c533141e0127a8f978b99d9079d71c2f5f992f0169529e654708aaa18f093a61752986f7873553caa54c9d8234dd48335572773a548938429c51210d4c7d3cad8da3a882afbf92a1aea2c869669f398fc8f59cad1e95d0606ff36c1e90f7e64e9b3262f92f1ced788f9cfac37e85f97fd87bfcdf4eb0137d6f1243599a9e57cfde97e67e6fadcaf67cc1f96bf466d737d77b3e148baad541006817343320d0267a3065c756b1e639b58513b10464ee0ce9c2bc8dacf9d790c9e8f078bd50ba6e3ba6df0ccbdf6f5318edaa75e3d628429f34a326069c1c45ce8b0a932606ae710ac8a241a953acb4ac32a24e18bae286251ac22acf0f5844f328d1a26f3c43298b1e89d134f5c5d3b0520506b29901048e6344d3784e6e2634329ea392f44da0886857d9cb9b569d2d6411085670e67a2c0b5e8fbf83bbcbbab6a966e9e13aef24e1f4f2714e5f9efdd62b6f0599ec3db796fa87e9bf9dd7c376de4573c671b99c9f9fea757b7e73ebf797aafa471bdafa7e49938a961e71d9ed529933a1d3cfd28a790f6cb80da75863bd90d224ac415c6c8c694866d386b8f99d28dcef88d3db2bba39fd336fd50b46954f2a8995a4d2f6a154f620b2eaef2994d91546c8841a4cc2af08ccea984aa45545900184d01d2c6174f3d5d031234d060e903179e369511633da8748870e001165c9c8dacda9889745abf0cbc8cf4d9f4ee0bd17af9ada89a7a79e8a48a9ac51c81f5ce187bf894bd07770b77977846b8430fc2fdc7c37cff57050cdf0df69ac81b78efd27d6bc83d73f48f8187937ac796f5737cd983d1839f4e6fac7997a25e5eddddf9d74dd3c7d7cf175b3b0f3f43342b7820dc1f95f2a9dfd20af0b68dfea1d8f97bd435e1f4c58ba682d50e1746b71ca12ae6e14d916a07086d4ba78a134e411b25340f4162351524c95f4de126930551b201069c418b12f4e43962e6eaa6e6146a2696f373377213ce13421359e11c14d501e80f341bca98b6a2db861177de285c81a9698aeab04da7abc36e8fa8a74bd4f387a0aa6e06aafae96207ab89ae77645d9f6bd237b9ee8b936ce6a14babc6fd7bc8bcef5b9caef97c0fda54f7cb8efb4f58f2af55fd13e21bccfd37ce3d4f37e691c91f2eb0bb6e2fa9bcfdc73b5f63ab904f42e7f73375651f9a8a9e3363f2bdb8c3f1fe73de20b7f0decfd0b45e636f4083279b4a5a4ee1185915a571b62cac8a2e711ae7584d42b61c4e71295f449822a4c0e40f7858cec8842716463288324c04d319c3a6b98a9db0aa4158468c19c3e80a9860e9833400e4e7e7a008e6cf469d223352acb7419990cd5474aad0cf43fd2323aeede22ddc7db1aec10b6469320cce0776a73cf53d00c166b61189bb9693ccf21f6df2fe4eff3a95357c5fd69d208ae2d7bdf53f39f42fbbf8fbb8eeb727d0f3fe3fcaf74c48eaf213fd4cba8b3d93cff00d3b5e52497ba2811b4ea0cf739301a76ac46059b320cf36f41442c8893ba4d3a70684e2b468c99955b54dc4a8bea08c5d50e48b7a57b274327607b69b82d676442328b22d2883427006941c24197988b60ef0ebaea093be8487405a34a78e36d011a043118b9dd39978d96c5574e3359fd0e2f6f372edb33b2eae5d2387bba79a74d9580f6d7683576c020a6c02656b84d03b60e9266ab54ba31f705672edd329d79cbf7659de66bc08d7080a7d62c18ee2b5893d870ccd495924ecae69c616b054ac609103482f856c9bd5366ab563045e481949041ac61d6ac431a2545cd7021862a253434ed412933a49240aca9c095040a2a2c4c903426c15a9b833910cef9e035f0b1d34737405b8e702d1e432dbbb239ce9b4ceacfd7059cce16ce173745145a3abc8ce72a34ea3685671deec70fb3e9f07492c17d73e825816a5aeb2a61a4f9b266a9192742be8902330917453d076967558670898cd6b2a83cdd5395412e1e82680163646e63252095b5db2ecb2bb10a32803324d3ca1243b2607649b4c9027640e9903a6754e9903a64092604ccc4c9450499903b4581a6f2624e8193b3133a064e90ef190c9cd3f1a2871b23a9cee8a3633f6cf93e47afe3b9f60fa4e4df2dfb27e43734c4308c92bca134421f2bb446f6763e2f63e7ecd2ea3cd7be6b4d173ede512fba4d42d69353b2ab444180dee4808842b8fcfb83b3933c0c31348c78db04d93b8e77d378a555b58878db0a2124e129c6724adaac13c25108a74c526743276064ecc64ec0924092409d256924093b0327608b498964f013c15a109ba6274812740cd266333a6324c8778a1db91ad5c5f1dd93048233dc46b9fc6edb3b3bf3fd803a8cf5ca744543d1b59818156128d4ce838fda4f67c87bef265d3d176be7bdf2cbabb28b3d1e2ba5549cd8a08272aa40512092e097a1d234acf243b4972d393a6ab9f71edc719d1b0f8d21ed5b85316ec31d06a47353345673a34a59ae1a73cb92349b3d01c824c3a40ba0c4220290ae0421d0108770b9548772a9d3b1eb71cd41c1d320518d62949dda7764274902767077674d33b0333a6a2d266324a6a4ece37ced11032b2f480ce8de2b478a5793d8f9f76986f2cfd9f3ed33f640b05ea7812b274b0e917aae07bb6b439fdbcea07db0745e7b168c475f3cdd4ee60ac415bcdc4f7d7734f252536df4dc173c1c24f17093c5c2528b83a640ef17093b2076481d33824921d9d0249c199d8124e0cce819243499c124c0ef1412514127ad05aaa60134707613b956cd5af420bdc6404b8a80b70d80d70501e80407be73868be6a46acf2243d9379edc978f9354e2f8ce277f2b9fab03a5cbd457a587bda7b61ca1bd699a479c19e856b9e0773a67173d4f4e839923722d036ded735c9334ea300b150c054c141a32ca616d5b80c074b1a79d6c4f15c36e58520dd960a0e81f01d9bf3e75c3a37e71c3a35ceb8ba29738e1d13f3ae1d0bf3ce1d03f3ee1beb0506f3e120dd586e1b4b19c35d64386b2c94cd559720d359ae2d160101cc1b8c5d5c7247a280449cc13818834d968542290c8085420bd52e16aa905af520b554e17920b005222a8bf386edf372df96bf61a80cb9db79cc9a6eb8beca6c7374e99858a0e0a2f10514c2664c0a12804613814d1761c6138046138829d73c89bb383ba40e9a40e920774813a70493827670493833a4093a06748124e0c9d909240cd2438a930453a08a930334927169b045a4820a4822d241152608a93032748667604ecc0e9999350439bd482d7a105e87602214b05918b049458272a1809906cc3df358355f1d836562445bb1c28b37d73cc1d1479e61f40dcfc43a16e7983a18f3cc3e86181117473aacacec942693bb3b6eece84e932499c1d33829338276713a4909d903bb2074c81d24874903274364e819a4822d3608a740cd261b34904149822a4820a4c0cd241169208a76064e9366740cd2608a740cce8229d0453b045a4c0ccec3667411676068ce29c5a5108b4a2116930e1194420d28846338a7069c4231945368ca2108ceb0e9ac4b7e79c924de4931dd213ba434e909dd21a748149212490d2490e92049207490249093a40924099243a490c921324812486c9206490d99204c90d32409240cc902648132409240cc9032481992066481992066486a29033240cc9222c90da290e3148211498cc90e31490d149368248856907ffc40038100002020102040503030303030501000001020003040511101221310613144151202232235261303340071542162434174350536071ffda0008010100010900f0e9dad798ded13b0fa0cb7b4c9f787b983818f2c8f2e977bc3de5329ee261fb4a7da2410cb25f1bbf01041fd0129ec208d1a584cf30c6606584466d8c5b213bc3107595ac5107071d23ace4eb2a595458630860314fd0443c043d44b86f36d8c58c23ac2381696bcb5a19b42211369b4b3a2ccc3de1eb6cc06db966159b812a3d26f3c3fd2f798dd844ec3e83da5bda64f630fe460e063c78f2eec65b0f794f794f7130fda51ed12086592ef78ddf80820fe820dcca97b403610c611d2587963db1ee8d6830340d04ad622f010471d23881656b1045e0c2340621fa0c613683858230eb1618f1a318cd2d68e786d0c3369b4bba2ccd3de0eaf315f6da69efbed31fa81396683d321e62f612bec3e832ded32bb18c7ee301e04cb0cb1a3b4b9ba4b4cdfaca7b894f7130fda51d844821964ba3f7e022c1fd0a875952cda308639990475975846f1ac2616312d88c0c4952c51c0411a344114458208638e0a603c070226dc5e30eb07078f18c669618d009b430cdb8649e86661ef107532ae844d35ff1989d54402689d329a62f612bec20e265bda64f631ff3301e06592c31ccb8f4964f794fb4a7b8987ed28ec22410cb25d1fbf01041fd0a7bca87487b4b2334b0cbc93bcb563d70822011091296de55076e0208f1bbcae28820838388c2298ad018381844da6d1c47e1bc732c31da318f088042219b4db8651ef32ccac44e844d39f661305b75104d1ba65998bd84afb0fa0cb4cbc6fbcba92189136e06389608e25c3a4b04f794f794f71313da51d844821964ba3f7e022c1fd0a3f2950e821ed2d8e23cb0032d58e3685419c900da55de5260e0383f68d2a89f491184ed0181a03f46dc1c4b38131da3b4730c69cb368d0cdb81ec6653779907732b59b6d305f66134fb3a2c43b81349e999313f1595761f43b6c23bee63006595832dab6336844712c11c4b57a4b443de55dc4abb8987ed28ec2570432c9747efc04107f431c7595f6863c7964b1a3b4b06f368205de549d654b1474e0a3859da31eb2a31388e2c2309da2b45680fd2f2c84c26398e6370226d0c6fa2c3b29996fde5adbbcad7a0844c33f789a71e8b2afc44d2fa660989f8acabb083819736e7682b27acb8f240fb996a730962f29863cb04712d1d0cb47787bcabb89577130fda51d844821964ba59df80820fe8632c410cb3b4b1a58d2d8fbcef0acda572aae22f159b4b630eb2a113e8df818c23080ed0181a03f4592d8634b0c730c021584468dc0980cbcecb336cef01e67950e8230e9319b96d134c3b85957e2269bd335261fe2b2aec20e0e76100e6308d84c9f78afb59b453cc25f5c223cb04712d1d25c237795f712aee261fb4a3b0890432c974b3bf01041fd0c75e8224696f69737785a3c710f79b4da54bd44a9601b7151c2c30f79588a38ef3780cde1333358d330f9bcfcec3cec6d42a17e35ca6030181a03c2c96c31a591e01156111a3184c2618264bec0ccdb25284995af412c12b3b5826956745941dd44c03b66d730ff0595761070b4f4950e91fb4c8f7969e5b3798efb8968dd658bb131a591c4b074970ef1a57dc4ae61fb4a3b095c10cb25d2cefc04107d6a3722503a08b0cb7b4b8778c6318f0c136950958e23bc0234b0f59cdd6546270da11c378f6a568f658de2ff14365bd78b87759886e2a6c9a2eaf95e18cf5b9261e5e3e7e2e3e5e3580cde0315a032ced2d8634b6345580478e6318c6334e786c9956f432c46b1b7da9a7603a2a6c25827669a4befcb314fda26174ccaa609deb594f61070ba563a47ed323de5ff9ca5f6e939f712d1ee234b23cb3b19747ef2bef2bee2617b4a3b095c10cb25d2cefc04107d42563ee1291d20edc2ced2f1de3c631e1826d295ed138a880748f2def0f7951959e1b4da11369e2bd596a5f4351a70c9737596363abecac6ec216d4ea57c13ac1d272ce9794fda0e00c531fb4b7bf0696c23731161e82586398ed1dcc3ced3cb730d4fb4b31c933d2ff000b472c75006d2c10f79a49d889847751318ed974cc1feda4a7b41c2dee257da3cc8f7991f9c116ce91cef1a591e59d8cbbde3f789de27b4c2f6947612b821964ba5bdf80820fae91bb4a8749edc1fb197cb6318c618201bca8451c50403a47968eb0f7951959826f37e1a865a60e2d9734d4337cfcc6b99aa6af655ad435457edbd4fb4d4f0f7addab1e1ed4d758d23172771c50c732e6eb034731e05804631cc73186f051cd2bc3dfd8617f0f89fc3e2c34012c50b2ceb2c108eb3496fbc09827ed594f4caa669e77ad253da0865bf9089da3cbfde647e507169647967632ef78f13bc4f6985ed28ec2570707974b7bf01160faf1c7dd2b1d38131a5e25dde131a182563aca845e02289ed1a5b1fbcaccacc066f37e1e36d63f5860d41ec25f9eea5390900deafdbad25808d7025908f0564fa5d5b270f7838096197b456df8159cb1ba4b1a398c622ee6514efb4aa813ca5025a8a25bb09699718f2c8c3acd33a582601fb565676c8a669dfdb494f6821967e713b4797fbcc9fca2f169647967632e8f13bc4f6985ed31fb095c1c1e5def2defc04107d23863088218631e92e978ea6308782ca84ac7141b98a27b432d12c110cacc066f379ab67a69d8175ecd959b71cab2e34839b6b07d8d1681b58a971ea09aef0a0c7bbf52687785d7b4968dde0e1bcb0f4970dcc51008446e91da398e7852bd650b10748d2e32e32d32d8d2c8c3acd38ed6cd38fdab14febd534d3bd4929ed0431ff389da3cc8ec664f7838b4b2591fb1974789de57ed30bda63f612b838592e96f7e02083ebc7890c68e65865a0f5e9a86ad4e1b1408bafd446f76263e7e1661db1f21652220e3588046ed0cb25822cacc066f019e2dccbb36ef4d55c97e06391e91edbf23996cb6aab9ec50ea9958e8c3cc0a973a7dac6cb41b3a1d04b59ab69afbbf73c778f2c11441da319634668d1a01b994a4a57b458e7a4bccb4f79698f1a591a611dad134d6dd5676b6b9a5ff0065251da0863fe713b47991ef32bbc1c0c696478fd8cba3c5ef13da617b4c7ec2570707974b7bf01041f5e39890c68e25825dd0311052d926c6b1c62abafe37612b3065389a966e2ec97ae9f998d9a9cf45a9c6b1c1b85825820891786765261e35b6bcd5f3ce5df7a88870707c9a6aa570b2f636db8eb7aaeeb55a734f53cb93722b92abe7f5240f09e31b755d291e3773f434b041378ed1da131a188bd654bda5420961e92f3de5a658634696461318ed6acd2dbed587f349a49fd1494768218ff9c4ed1e5fef32bbc1c0c31e591fb197fbc78bde57ed30bda63f612b8383cba5ddf808b07d78e7acafb0863479619691bc08c337269dda80a9f70bc5752f6b559c928516eaed16d37e97e2852529d462b2b8dd5a563839e0f2c136eb10c0ebb81b9c8a80df9bc51e254befb2aa1b0b58032732e7af4bd534bc64f33252df125598dcbc9664d2c4b2a5beaadeb5177b69251ebacfdd5cf0115bb57bad30f111a59c0b4768c618c78562543b4af85a7a4bdbbcb0c78d1e3c2255d2c59a51fb5639d8acd1cef424a20863fe713b4697fbcca838b478f1e5fef1e0ef2bf6985ed31fb095fb41c1e5b2ee02083eba3f295761c1a3996cb26a2be97555b02ad61910b4c9c7dd8902dc2a98b3b06a13eefd1c8a4007ae9dac66e9439d1b4ad5f1755af9e9643d38399bc6223ba0ea5accca97cd20af8831f32c7ab1eec9d432f22f629a8559969c1c914e49d305f937d25d740dedb15a5b8ed5e4bfd8e170815e5a753c90360a33b2cd65cb2e4b5b66ed2a466e5651e01b0e2ead562bfd02196426318c618d1a28de22cac4ae7b4b8f4979ef1cc78d1e3c2228fbd6693f8acb7da68a77c7ae51161ed1ff00289da34be657bc1c5a3c78fef2f96406567b4c23da637612b8383cba5dc04107d749fba55da7b468f2c9609ad52cf457724c5bb7a54b8b31bce532fa2b4dc2a59433ee5d2ea5eb23f4ad501f99aaab22dc1bea7c7b74df14b5f411655478be8714a598d9de233882c7bd723c618b7e0dd6d2b97e3cc95c4aed4c7ff7ad7f3c0bb9bc51ab6a829f4b427853d73e6d841cac97c0b156cb352d473f07231b46c5ab2352c676b736a71aa64bb57ca2aaf199f2efe7b70a9a29b0816ed455f6e2e5be75b6379a31caee366c4cd22ead146937369fa9e9ba889d0ec41e0219646318c63098dc2b48ab2b95c3da5e7a1979ef1a3468f1bbcda20fbd66963a2cb7b4d0cef8d5ca22c31bf389da34be65c1c5a3cb23cbfde59077957b4c23d44c6ec2570707974bb80820fae85dcef2b1088d1e3ed2dda3056e6471921b12c6ae7aa14e1520b39f3005dda9367e29754d573724bf1a94ad9f992a6becb15568d36aa29166659a86ab9378b7174e4badd5b5ccbad6f993a35fa468f70b5b0f02dd76ba4e54f0db7a7a33eebe9d7f9f55d35758d327843524d83de30f16bbeecbbac5d49850ecdb65eed5e3d82556e454e45871eec944aca8a324d9920e54199458acdcba8e0d1969b98f5b5360e55d3832e4a58c7119efc5b2912a4e5aa95e2234b63463098618abbcad26d125718f497997778d1a347878563ef59a60e8b2ced3406df1ab9418b0c6fca2768d2e995ef07168f2c8f2ff0079641de547b4c3ee262f612af68383cb65fefc0410711f4630ed12318e63b47696bc7799958caa5184cdbb26bbc35830b26be406c2f9165dd2a9650879acb9ecb99b2796b4f2061a9b6a5b6eb32c2640ac20c6b14acc1cfc2f0d3616467af9b466e8273b2ebd0ebccbb46c7ccf37c5da87fb6691e9ef4ff4f1f2b2f4d26e1ace96da666d79a0ff00a7768d4748cdc9b5fc57e76066e43233d973d69916be284cebefb4a1b31c6653e5814b36055773da4619acbb2ea2183bb4b85d95673898d600c1e785b27cccead49aaf428a4bb64d43fe49756fd9815f9696c78d0f00bbc448ab088a623476e92e32e8d1a347866d2afcd66983ed596769e1f7df1ea1286ed11a1318fdd10f48e65c6657bc1c5a3cb234bfde5b3de55313bacc5ec2551783cb65fefc04107d78ff0068111a131e59bc7de5bbcb4ed29b8292ac72316bc9535b021a8b5ab694b3a5403cbf29771ceeed5aa1212af5591751bccac5af169b6f03c26ffee5acba31ff0054f4eb8e6615e1fc275db95e0aaadcb82fb28c9d134903fd41ab29727128b4f842bb70345c4a50f8bb4ea73b4ca6b6bbfd33cff4fe1a2b62788b22cd4331b12f4ccc44d32ac6a6d188f9af55265d82b7e25bcab95e7d965748aafc7a16d14aafa46eb743fa551ad5bd4723f213e16c80d924ef93aa6a75b04a1867eac46ef757e24cac5e8e53c74887f516af1be1d9d39eaf11e3646c03a655568e8cc78058a91576e0c66fb188f09dc4b44b8778f1a3c68470a7f359a6f658fda7872efd351287ed11e17e90b7dd11ba46696b7799060e2d1e591a5f2c9ef2b9867ee1313b09545e0f2d97f01045fa0705ef15b695bc5eb1c4b23cb7de5c211d65206551cbbe4e3da2ff00ba8b2fb579aa2312ab157cc66beb36ee4ad3a9e2dbaabe3e359e27b08d26e6f2ff00d3fd1d749d1c07b7c75a5265e9d857284a28d1f45c6a796a5bb2b55c862753c63660e05cd769ba9e2260a642be5eaa99356754eda072e9f8560e6a2ec3c257b6f98d9b8abe63ce6f0fe42d6b5ea4f50acdd5514643b54edff68f7d54e2ae2f35a6e571e50aecf248a89d434f471cf8eba058f5de85531cd26b566366453d46d7aa59636c6cd3d2d3dc69813fe5514a36d9b1b576a982f3e1ea4b6a8dd91838dc4448abb4ed098c6195983b4b07497c78d1a19b4da53f9acd347458ff008cd06d28663d9b8111fa4f32736e62b748cf2e79736e60838347964697cb67bcafb4c33f70989d84aa2f0796cbf808b160fa44de547789da3cb23cb7de5d3de637307044c855aaa7b1a675ed4e49e77c4bbd550a2b1aadd7e0d75a5331eab31751aacc7bd8579b8eab63e900e369d8f5bd5e9d726c08d3c49cecd8b8b41c817b0cfb8aea5a9a017df8eaf9142db9b55128ddc23139dab51a5d565ef32b3b57d60ef93938f81896b14756d12d5536e05ba6788b2d6b6a2f53a9d193b0538be8979cdb6792aca2e5cdb71c79ed7b9c22e86ce97565585b41d119b3a9acab0f0d66e60528985e04555defbb37c1d5d609a9b2f46c8c70486bf12ddb7dec1934bef34ed59eb6018e95a8adc147355b3004702631e06240659da5f2c8c634da1136948fd459a77e2b1bf133486d88988e4a888c617d86f3d500ddebbc346696b4b3bc1c5a3cb234bfde5b3de5530ff21313b09545e0f2d97f01041f40fa288a7a4b5c0965c23deb2cbd65b629f75ea6632769a8217c65d8eb08a4b0b86918630b10dbc99d4e6dff00754e95578bbfaab28ccc77dcd334d747acd40e222f9a0edae63a364b5a4ebf47a5d3b1eba5f53b2b6a39eb5c4ac1bd9983af9492fbcea5aa36e72e96c0d1eacaaddef7aec1ca749c96bc52f1f4f1ff0054d7556b99e0bc0cb296bd7a9682b86840bf4dccccaae35584586dafcc8d940ba066c76715bacf07ea38d85438b2278cb4fa6b204c5f1ae3e4372c1a95192bd1f3f13cfadf966669cf40ea2dc15b54eeb9d8b65367da349d46dc7b1013a56a49756bb9f34185a184f04823f697896c6866d088654dfa8b30af0a1631fb4cd24fdc261fe222ec3bccabd12befadf8a134fc8a96691a8a64d68c18d8ac2591e0e2d1e591a5f2d87bcaa627e4261f612a8bc1e5b2ff007e0208bf40fa2a6da79bb09916b6d2eb5e597bcb725e36536f31b2799c098bb301320038ee26a82bc9b96ae64af7a68acbea77d5858d6305c8bf57f12ea3915a5d93a2a69959becbfc31e23d4f4eb2bb466e939b4e7d146550de25af6c7e7db5635ba10ed733df9378330e975e60e75bb931706d6074a6e4bfee96f25f8e71ad991879355dc8f568f882aaaa05fc3ba7366e6e56b7757a96af43f325579ba9d4729df7d434f37d6e718626a453968b2d74c770b6ef896f3aa0e7a43555b32d9919adcdf713a9f966a646c0f13db5dabbd9a678829ca4505eeaebc81bccfc7356e407aa973f783a7d62d0c9301850075af3d361d5339180ea2f56f7362eddeb70603b45318f497197778dc5a340482263e4100756ec668dd6c986bf6899378a8124eb3e20aaa0e9e67883576c9c9041f0e78b31eaaaa0f6e9badd19fd6bb14f32cb06df4347964797cb61954c4fc9661f612a8bc1e5b2f860822c1c47d15a9302749653bcb7184bb1d7af4bb1e5d4ed316b3ce2618200854149ad6960e7e3daa338f9350666d4f544d4f1726badfc05a569b87a753922aff56f2f9f56c3153784f21d357b71c9f02bf263df409e21556d3f661ad0b2844b84b516ab92d0315eb2ead3c5897bd0a04a316fe52ab563e4665602e4e06169d99a83a263e053e17c5c1ad2dd672f55f122b633558e8f7e6ea393b587273b171ab15f95a3bd97125d354d3ec2ee157033462d868bde9e5b13649e1e4c6cbaeca6d5f1169830f208dbf551a79ac0f43a5eab650d5ecda2eac32ab505eea16fac83350d25901752f9176313ccb8faa25a00debcc45ff98cf41d432eafb10399b543b81cf879c1c0eb5dbbc0f0bee25cd2d31ccde03bcc2d37ce019859a3a05e897e9c137e9e59ada3763343fee99883ed13550c6b7e59ae62e5b655e45795a767976fd15d33510dd29ff4ed32a8674b571faa0974107068f2c8f2f96c6ef2a989dd661f61298bc1e5b2ff007860822c1c47151b995a8da72cb0812e712eb44bad59632b4c6501e62f610769a9dde5da094d5133bc419776325b9ba151568593a4e12782359a8698da55cfe33d05b59c34bab9e0df0de7d5936e4e553e175a6bc914556f8aafd855486d77296c2115f50bf1cef5d671f2854c4336af9c0d16d56cd152dbacaccd29e94a76bd727547ae97af186765b251f74ceb1b2c06b0f908e8d9169c24c6c9c82c95d0aa7945699d45654f3aea9a60aff55ebd272ea7c5d9e7876dfd51e5dbe26c46c9c75b54d95d88a7990ba31ed5b9afee9a06a96556afdfa7e579d4a926f1e624d4b00b82153234fb31d8ed13cc0bd5acc97ac752d9dca01decd418a82ada3679e858e3e606dba8bf71dfcd963cb5e31804a97774134ca17cb5e8f4af2ccda17accaac2bc6ec66887f5ccc3fc04be8160ed91a2536b31297786a8627f4ffe98a7ff00af4bd16ac33baa569caa25defc04ad778f5ee258a7ac7ada354d2ec7631f0dcc380d2bc1da6362f2b098b5f2812af68bc1a5b2f87bc1162c1c471afab4afa427612d32e978efd72491bec4dadbcc4b39984c4ec20ed3577b14d8ea3484a76c9e596ea98e327cb73abf836bd4f2bfdc74ccfc3d03c567ecc8389e1eb7192db722ef08615943ea1638f16e66f977a09a85fdf9466542ae6ba1ca7dff000bb26bb9df1ac5d3f609d4e3668ac0f2acb354b4549e5e45d8c2e437d793918a31799db269d17d63f9d99756987880296a6dad98937bf96539abbb2705afacf3bdd836e9969b2b4f0ce5ef7a7e9be3f9b49066af8be45b6728bd183736cc0ba2f5d39cd77a8df44d495ab44e6aece7512d452bdb51c373ccdcb936bd1610c2ccb4b582999614d7b2917bd608330b5535b0eba7eabe60400e3de59075f38c6b4c724c159316894d5bdb589a7aed5acb3f1996bbef32aaddc43d8cd0b1321eee6098b532800c15fc8641f0f5afc7943e16a1f0410bb6d62efede5f59c92a58ca23a0261aa353fc3d1bfb363ff1e9bf818e25750065236959887834b65f0c10458388e00132b5da2f48cfb096d83acbad1d65f7099570ebd79c1334f5e6606632f4108fb66a94b7302ad47aeb3d7d98cf9789959167ea554e3d58a1ff005302fbf20b3516e2bb8a18bcd3e86c6c7afcc1e2ec8299d931ef5b5001357b1ab254b0b118953171abc82841c2a5eb660004a16a096cb31eb650d528a3256dd997d3d76dc0ae26562eb08a763998d961433e4e3ea96e33aa9387a9539289cd71aea7a7ecaadaf06c5e52da1e0a63d8398d60ad62788309dad2ecd9bb520832aea39a2d86b3ccb341cc3cf59e6c5bcb22c5b25cab629e9ae69c6c6e655cea4d0fb894ddce36332137dc00c1eb334acb7465eba56579aabb9542d053051fc2d1b4280098abcd90800c342a8b2ded32177de64547981db4cd1bce60f60c3c04a94055aeb0bc1a158162ac2b1d235536da79a163642fc870d368561486b9e589c8205110ed2b688d14c696cbe1efc04583e8009889157684ed2c797592fb7bcc8bbbf5bec2778afd6694410b31874108e9db3ab4f30a13a02542ed46a4391526025c736b395a6df935a62cd3e80dcc2d9898a58872ac005de78a0364ea1a8d158c5415e5f217d7ebc25466b25c571edd92cd2f06db70a8b2e16d7f9a2e4616e2c71ebb0bd63dbb1c6c4d20dcbce0e4e92d4aecda83694d6de41d79b43674e45ced47c3393dc8a31758c2722bc66d7f2a9dd2dad75219760541e1c4bfcd595f26df8ebf4f3d4581cda9c160f362b49459482472cd239ebbd7ae9d67e921dd6d1b40dbf49a852ad59dc6a7a682c58c6c735de7a5d51db7dacdbb118adb113c3ce5ca8271a9dc030533cb0236c258e04d2e8dd95e52bb28961968de595eec269d8e022f4450a26f0b43c419cd098c04b7a0333b2c5209dceb05ace5df0b2858075561b42c21610910b085c4e7139f6955b2b788634b25fef0f7e022c1c40dccad22ac3d258db4baeda5d7cbed9916f7eb63ef0779a3f6598fd8433350746334ac8f2b5cb712b19d97838bd32aecbd4b1b2dd31b4a4d134da68ea13608a231e70d3c5be1fd6b7c8bb4bcdd456fc21465dd578a6ab2fc8c6b83f86fc25572d775f134f1ceb5354f89a260e45d96e9e76838992f79c73ab6898762b2e0e9f76267d85e8c5cda1953732ec6ac7ea34b143282a102a7dcaf62de09fbf22a4dc92d898f75cff62e868aa36f291411df57a296a5b99b277e66562b4d0dcdb1b479248db4c6e47524e9277c64248ef2ab04b2b16cd5704d9f8ccac36aec6dc5ebb57d9b139c13b62d7b5e14cf0de9d8e28ad94250100da1e92c796d9de5966e668c37a922f458e65912b0581985d11609bc30c3c07179936050773ace62a231e63a9af9df9695a8a72afdf4e62b28ea2ce69cd098613c51b6329795b4de592f1083bcd8c00c0201c04a9222f69da39990fb6f32afef1ad24cbdfa4c87ef098a3b4d217a2cc71b28e1622b8208c6d0d30758bf3d4f8ea9cbbfc808fa0514e998fe779ba266d59a9cd5d36fff00d7b12b1b735c15c1e9fea3f87354a4df9da7cf0ae9c35ed4b0b0f29acc7aebb792a4b6babf1b0fa2d192a3cf2ec1d0ac442f5d3669d7135be2e2518a3a85ca75ac317c52da75e7f2ff006bc6653e51c8c2c6a4124e55b454a4a52ced9766c71f0716bad41034c47f2c1b46c02f6cd0a2b7e63a9ad6f73ec5abb118866605eadf6c650aea54e87905e9452493ca04adb695d825db32999d881893b3e9e48dc8b31c862bb6454cb60227842fbbca55629d56587696bcb1b79b6e44d20aad4903af2c7b16596aca1830984c0a2c1c0fd46587a19ac657934bb6faff008877f31798eb0459bf360788cd7cbb368de215ca2179f0eff3141df890786f3794bca9e734732d1bc28379c8204102c026d02cac6d17a085a58d329fa1992db93c325b6de5bf718292625277134baf60b291d07115f3cf12e9ba7bd272350bf48d4715f1b9f0303457b3ccb1afb2e466ee5bc8ac3731b727704a0d59bcd0cb61c0c24d1f5ebb2390361dea1eab4e2d55a357550989522f27a5ab1a9450ad5a60e1de3ecaeda98845aa0a8d9f80b34daad667a6649ac6ff007dd9b905b96db061e0e4b6c0d1a6e5d7685535d5792aa05484200483ec0e6d75f21e69ab61bdaede51b7172292df750a5aae5d802b701b787fa858397612c041e911b681b712da83c38eaea40193a6f2f336d9959f37655f08e3ed4a12bcbb2cba5c611bcaa82e44c13e52811b302af7bb5255dfeeb7555dc0e6d3ef0e8a77d34ef5a410c3f5196fe2678ab9fd2dbca7536b0df7733bf36fdd19c767f081b1af334b27cb4de6fc09da5d96b5f736eab5a7fcebd5ebb1b60f4de2c12ab3632ab60b61b23bcde6f3780c066f04f30082dfe7ccdfdddfa199966c0c670cd1a6598a9b995d4361129ddc0db06ad80958d84ef02027ace71d84d57013331ace75d0702ffbd2da69b026405ae358d76fcb2faaba1bcc6366605a8ec33f332326cb28a12cd0b279c733dba4de2e5e663857d76b5632312fcdc6b082e99c5c6ca89cf935bd89102d836b464d03f1b0e45afce68ccab37156eabcdbeb7c2aab5e6dc6263d9f6a8c4c7b51456eb5e301d4129b76223a2329de67d150276af2316b1b8f2ecc47aecfc5b158d9beda0d2c8820fb7bc63cc27375da55b6d1bacaa64561948db230c0c9df97c3eaa95a801bb4bfde59de22ee662d60ed2ac6044cbc7014ec73410c4738ad9dd766d1a964a9398e99fdb482187e81c0c7ec66bd40b2879e24c2f4f936b00cb29af98813c29802b2adb61d7ca8b019bcb890a66b7957d618a4ccceca6277b74accc8f58a3ccd36c2d5aee79b6897edee32bf93943e7d483ee2e105c20b841709e7089682673ec235c679e47ba5f2cbfed9a8657f353976857ed99bde566567a4c440efbcc64d808abb0dccdfd8466e9b08bde56a3dc64e21b762a569607a8369add2a48f5a648dda5da62392626995d4eede5e4622ba13b5b8a82e35b57978a459cc2bab1d6e5fc69c060ca42e2d0f8d6ad815ea4aac7ab7fb5c3e2de1aa1d68c8071df19f753e92be72d8ca9858ec775a456a9f647e7ac821f9d9baaa8bb7ee0b8f8c83befb576635d712426452b51fd460a967459a5526a41bcee6374584ec654e48da01d2563631fb4b71d762fb686ebd846fc65fef2cef10ec662d8011287dd666b008d33eeded2268987e730b1863501146d34b3fa4907687eb31bb4d4aae7adc6de32d232ec2ed5557e3db4315b6bc4db984f0cf29aeb941d904e694d6d699e8015eda868555e0eeb9be0ea59890b85e14af1aee7e5c5c415281b3af2c62447b888f9647b8cd3bf719a7e4667f2333f9197fc8cb3f38f95bb7716ee211d23ef0132e72149273720bda44c042c778e9b24cdeafb45115b6134ca8b01b0a55544ea67f02189f69890465dccb28db7d813e59020be128c046a80e6132b04b59cc01c2575d98263d3413d0595f3051186e4cb6a3662d676b28f31778d4798a010a02028eb650abb46747e8e1cec4abab81ff0021b2a9dd5b9d482d15aa6f721266170a424c8c5b5d89698784abb122950aa0083a46fba5802ec04a8802543780758c776996792933c3f66ef3fe12f1de58b36949d88945842ccfb5b90f5bf77be689485a5220d96695fda483b43fd061d26427374999a25796a79c6abe00c2c9dcb27fe9ee2d47a2699a2fa20aa931a9fb0020d1fc61d0001d0200b2e4532da10c6a101ec5140e92d4df7962ed2e1de5e488f615312e3f22e305a60b4c16998977ea77a5b7027fc63f7804cd3cb5b4742f693302ae551d2f6d90cc83bd86088680e9ce704b3aaef2b1d21e03ed1cd2be9d4c49ed04db984b29e696214f604ee25971dced1ed3b196da57acb2c663bef61e574606ac8d8b6f31ec0cb915ce6e560c0380a44b06e1a07001522e460dd4f9bd92d8dcca482194f52a140e84c6a2bfcd0f3003bb9b1a3d1ccdbb1ad1176d80603b456f99bcb655b93291d259f6889d4cd40b30e51343adab7110ee825c23ac2b2bee2507ed99e7ec68dff90b348fed24dfed134afed241c58ed1ee0b3d50dfbd76061c046ed1fabc551b4b910cb6aaa0a5037494a010a0f8c71b0109e92c31cc63c1fde583bcbd65ebde5c226f1431f65a9cfb2e3b98b88c663e2157076a9394083f18fde099e7f4ccaaae6798d58082659d81967e6633f28986e6dc9980bb2ac5e8380ee779dc9632bea7789c09e90f413da3d6ae23e3107a4b6961bf4b55a5a84830d663d7b8510573009193588ae360273f3d4c25961055d659b020a40fce0d6f1eb277111832f95647e7ad8804967f6ec7f2e61bf59bc600ce702023bc2c206e91bacafb894cbccafb4b073b4d3800e257f80964711c44ef29fc6671fb0c3ff90b348fed243da6927f4ab8bd8430cb9c8990ef1aeb011d709cb2af007ac3da3afdc4ce7001eb75a9f36df583debbd0bf7a9819bca0f4118f4964b23707964b9499650cdecd825bd934eebdabd3ff0084c1fe170bf85c3fe13100829e90d7b0968e569bccd3f61940fba523ec1338ec0cb0779904853345acb585a61a6ca389f884ca845e1bf5861e00f58f8c2c1bcbb04fc5b8677236b3136f67c720efb79328af96f530a7532b6e47d8cb1761b4d8b86480ab0ea2c1e6292a480fdc6c2c50a6103b89c896778d8e54c1598500f72b3b4e624f48bd04249e8256816552f7ddb68bd121134f5fbc189f888e63478bde527a4cdfc0cdbfee16693fda487b4d2d0a56822f61c1cf4999942aea4e5ead52eff7e367ae6648ac36126c8bf43899978a51893aa78ba9c6b1eb363f8d2ab1fa59a76bfea6c50ad837bd8a0c2ed3158903784fdb2d32c31b8142d1b19c987118fb7a1fe060ff000b843e17107c2e301ec281f028fe0530551ebe932d794c2fb4cd7fd33310f3b8958d926a16771394b4ccac853344c72029db16b2144e530299b19b1958da2c3c0c30cdf694302b0aef1e95627a5b8bfc5b8fb7b355b1edc9b5aa67203bc7ae58bb80638e568fd486d882843acb6b00f32c74653b82e3702c5e02c206c6738308e91df944e6f732beb3a0113bc5137e443149b2d2630e919b69a76e48837e58c636f18183bca8f499a7ec336fd759a57f6921ec26357c8045edc2d3b299e25c9b29a1b91b50cdcee6fee78533ae5d542dd661d8a6b5eb0463b47204d5ec414bef35da52ec9b5c2ad0a8e3a7878b1ca459a653fa4a61aa509b010f696cb2341de5556f3d38f8f4e3e0d1fc793fc0aa0481040a26d36e0cb332adc132e0549994fba30980db1de259ba4ce05ad0b31f17980e97698b60ed858a2ad80140fb605de159cb396245e03b430c30ca1b6337dc4610ec44b691b4b6ad8f66ab6dcc35ec6326e488c9b24b2b0d0a13cca61de6ec43573cd27b85e5248858024187f822c00c2db8ecec4f4db7fe031ed37954499161db944c74dbacb1b610b7338134da0f2a9d82748d5c35c6ae32ec6547a4cb3f619ffbeb34afed243da20da084ec266e52d68cc4eb7aa1cab58099239c926217a2d4b6b3e1af1126556b5bb5170703a8319a64e40407af88b5763cd5d672ece6df736f79a56a231326b673a0ea1564d085190ab095c6ed2d96184c5ee262a82040836850435c65dbfa07699237066453de65d3f6998ec51ca998efba096a73de0cc5a86c259500bd2228532a71b45610b89cc216115a0337e061861887632b3b88d098fda58919378f56e4c6afacb141568c9d769629054cb5075da580a90c25c8ac43ac61de59dc5809d8c5ad4f584ec21ea4eec4807604445ed2b10745261dddf795aec2643ec0cc53cf70134fa80413921410a474e92e1b4ada651fb4cdbf592695fda487b458264dbca0cd5f3cdbcd4a1d41429e91eb2f2ca184aadbb0ec5b6b6f0c6a673f069b4c53d04b4eca6788b52f47431df2750f30bb33666a2a1d873367827be8d8673d8319e19c47c35080d00951106d1bb4b4c730c5ee2629dd44009102429bc6a098f41108da09b4db8b132d3bcb2a2dbcc9c5e653d3d010dda8c76020c6fbb7da8af6da383b42bd656a4413af11160e07e9a5bda3768d18c785632779627732d1b068c7e65806d1ceca258a194c6e8a5277df69cac79d222eddc7407b30532ca87707936311620da2298fb2a44ead370ab332fd8ed3484e7b14ed869b562110884471d264ca8cc91f6c23f596697fdb487b70e69a837d8d32f3bcbc8bd48c8bfce7dcc4e531ab5699142f299e0523d08117f112efc4cf1f39af11981bb53b4ab2ef959561b5beea2d727bf82b94d284cd35d0140063f5022c63d25c7bc730c1dc4c34fb41309004390a0f75c84f90eac25806d2c0378b009b08442232c648d5cb2a831813d931401d8e2f5898e563d44c149f85acfc0acfc796672ce580451144da1136e1b7043b19dd63cde3ee0c3088eb2f4d80962758c0ec637dcac272f79721df711ab1bee258a010c21750db4280c2a563010a2c4502569ee6201321fda56361bcc9c909d377fd66dc4d1682a54cc61b20844610c7ed32bde552f1f6c23f596697fdb487b42d39a6a27f4da6af6b2e65db1b32581eeb98c3debcb63ef91796acf5f0059be230887ec12dfc4cf1faef816475dcb4caa4f986632f2913c14ff66d301b664eb8adf62c4687b4bbde3f007620ca72d428eb9bac63e3565acb72fc6b8fcfc954c1f17d36002d187add390a0d762e6738eece0c07681a734de6f0c68634451bc4410a09cb0a409024082320844da6d162f0308878895768f0c3b187bc2bd23a749726ea658b2c1f6985487063aec658bd4c2bba6d184350651b40bb2c6dcc707e12bdcc4acc458c422c63ccd1cf2a199b63979a6d46c65de69b881557a549ca2111a18e3a19943bca98097b82b0ede6acd2cfe9a43d842d379a87f69a6b15139b6cbe96e68b5189591eef5eebdfc07b25362cacfd92c3f699e3a5df02e9b7ded322a05a228533c18fb3bacc37e500cc6d442a805b17345bd886e65977bcb0c266f33afbea56f2db5ac9d42dbcf9d6365797dc0d550766d27c46f8d775b34ff15536841cf8b962d00821ba40d379bcde6f1b8189de21e90bc0f39e071011018f0f7e2b178187e9adb631c478c361113e618c658a0896afde6388ca361183166961d8f59b6f2c4d8ef19d6aebb9b39fb40afbc45f90a8378161d944beefe6b7ebdeeb4058d5f9cf348d3ceea7970f1b95474f2c0118465308844c9ac9de588ca65a6dda72dde6acd24915a6f3d84e680ccffecb4d5940ca79720260ae049cb3c15f6f9a257f847ec678d86f8374dbf51e5e3acf79e117db22c128ddaa3b4b9f2c1212786df2b976b8d4df6cb984b2c10d820b25b42baf6d4f4b1703f6e6682ec080b7786af24ecb8de18bc309a6685652ca669f4b2228317a01041c778c7818b14f48ec60733cc220bbac4b0181b78c611c562f030fd20ed01dc47ef0985b630bf49bef2d6da15df732c4eb1b7df69b032dac7318df647b06e44beb25a549156049baac7c80bda3dc48df7c8b8807ae3dac49de5967336d34bc2f35d491a7e0aa2af4aaa0a23f49bee604de3531a9fe1f1837b59820fb3600f8380a0efcb86a10013981139cce6333589a8cd63ff21a13b9804e58a93c22396cb04abf011c7433c6684e0dd0f4b6c12fef36eb3c2efc998db9d35ea6ad444c05b3a85c3c3151ecbd04b813bcb2b26792625277100d8759722374d8e1d6ddd4e9959ff8a69958ff008d382a36fb5290b02c026dc76844da110411c410c23ac48a66ff00408bc0f03f4ab43d63748f0453d65c371368e06e611193606592e3d368558346af782be5965c2a873b98749e796ee79e64652a2c4b4dad3623b0c3c36b9c74d2b03cb03a50bca0081a5ac6293bc4785c4e7585843b47207b358a279eabd8d37179e5cf2e65d5bd666bf5f979077862b09ce3e55c7cf84977676957e221d8cf12e379d896acd4e97c4cdb918596f319cf3032db1af5703c31aab64ba833047322988902748e823543e3ca1f02a1f06a26350c204222d64fb574758b5003b32edf59e060ef16343c0c58a7e91178187e93c018c018db6fb460616223386863a9eb08fb63768e91e98d5c29b4b982ccb60e0ed177e6808975e1149df3339edbb910e9d43840cd28c636301b697a700074c7c70a0409b4da58272c50610d0ef3af0b7796b34ad598f598c9b013966c25ca190cf1469cf702c81f0f3413d3d2677ed5c1ce3ec9a666f4de786b19e8400cafa288499a955e756c26b1e164c9bd9b93fe8b4fd8be0bafff00aebf06d43ff6f46f0fa6258364c3a4a201b2219cb1921ae7973922d40cf4e27a65f814a8f608042408c779b7f40c3d0c530f68471114c1f408b043f51fa32c3a1e6594dde628de3ed2ddc0e90decadb4392b0da9b77201eb19446512d001975bca264ddd37059f70603b318f6851df332830201d3b083dbe634a106caa069f8c37076c401008960020b44f347cbd82738de0b043609cc26e21960de3d5bc440a654c26fc1bb4cbc34bb7dd4e87413f87fb0d1fb1743a07fc068f40ff0086361252760a89d272897521818d808c772bfedb5fec1a757fb06020ff008a61aa91b0aab02013a42211369b4480c3b43b4668779b4db86d369b4da6d3684465801e044da6dc160fa560861fa4f151bcb2a0cbd4651346e545593658fd6359cfd2640e5dccb6f606656a06ae501b12f36d20efb398c8d2f53b1992c4032cb0f5119cac67e84cc8cb6048dd39aeb475c2c6f2ea076c51f78de61150a225bb7b8c923dc659832e1c9dfdfcf9ea0cf50679e625dbc0fbc6876817795a6d39672465e91870e9c3a4006f144e58c2749d27db3658008209b4e59b4da6dc373378786d369b4da6d369b4da6d369b42b3927299cb392724e48160fa09da2b40f0b89cd379bfd1b4da5692f6e513257cc43d032ab1532a0bb4c94de66d3ca3a4cee6f79a26506a82922c503b86561323600ccc20932e1d615244b872acccdcb9da693497b9778596a451132429077c4d446c3ad79808ee3287cfa91f23217e45e3e45c3e7cd1f3e68f916447ebdeb78efb08f775ef4306da0db6e2c238844da6d36882289b4710f11bc1162f1266fc07d1d3fc7266c4c0b369b4db8edc369b4113b4ceb3901329c84b548ddf0d1ece6898c144beb03799fb00d33503ab4d36f6a2cda1cdedd69cf5242f3665fb2463e619653b9850097206044cdc472c489a0619277333a822584a89879279f6de8b49585dfd88b2c82db3e56d78b73fc8b9be45aff2b73fcadedf35e511eef94c4776b5c9df7a325960cd3f3c1bb471369b4da6d162c31e11369b4020822f13c47f93bc2d00de01b7f4c456e93553fa4e66936f996b2f32633160632ec369903a19a80fca65bf2ee257d1f9a64e45800e59a49beebf7699eedd144a813da595b01d9c13d859591de3d41c76d13182ee76d42b1356cb18c4cd3b2cdd6822613efca2222913cb4f8f293e056bf011672ac0160558a8b16b59e5acf2962d2b050389ed184226dc562f06844da6d041041c4f11fe413b4dc9817e7fa9bcde03d26a1535a8ca269ba5d9464178182a08ce0cbcf4333b99db9545ba2dd682cd32306cc76026369497541994d1561f61e9fd47dc4558495aefb5d52fb8b4d55d9b197254e371395034d2b9409aa32a82dbf882e4b2dd81d2295540d3009dc446fb440603379bcde6f034468ad39e0788f15b898c211369b4da08bc1a11089b410410713c47f8e5be2004c000feb88ebcd39022f6b5998ec26ecbdce4dc3b4c6c646fd561a9e60a810932f30bb6ed349b56ea06d3543cb7a8328b54a000d6bba4ccadc6e44d5b2592f0bcd464395018df772b8eb819240044d5b26d7a9801a82e4bde495d3322e5e5564d3999b6242761041f488b14cde0310c5339d7e79d7e4b2fcb11f248f9e93a41045db8343c369b41c0713c47f8a481092604f9ff000441dc4b47db082265b944633101b8b33c6c9aeb4280ead693ce41bf21b9c8dfc337b1420cf125cd55aad34bcf7bac0a4d3605ab799176f53b199cc7233d8828797697dfcd7859a6a828379914d6c0822ed3b1d989229d368520818d4a5646d2bdb61361369b4da6d3680451178089041956fcfabb7e7d65b3d5d93d5bcf54f3d534f56d0663419ad3d71f8f5c67ac9eae7ab9eb04f5827ac13d6afc8cd5f9f5abf3eb17e7d5a7cfab4f9f569f3ead3e7d5a7cfaa4f9f529f3ea53e7d427cfa84f9f3d3e7cf4f9f3d3e7ce4f9f393e7cd4f9f353e7cc4f9f313e79d7e79d7e79d7e5ed55f70c1bdc151efccbf3cc3e771f3b89b8f9dc4dc4dc7ceffd11c1cfdb0aee2678dc72ce9455b4bec0a492dae6a5e57410d82dfba68168a537df5d156463b99859e98b7f29346b541ac0f333f5047c5608e9604c972c7cea80279bcee7cbe9301cad625ae4cb37de55bcab7dc4af7da0de0060067299ca672c00c51009b4022883fc4db86d369b4dbebdcfcee7e773f3bb7cf337eee77fddceff00bb9dff007798ff00bbcdb3f779d67eef3ecfdde7d9fbb2332d5b82f32dd67283bf9f67eef3edf9f516fcfa8b7e7d55bf3eaad9eaed9eb2d9eb2d9eb6c9ebac9eb9e7ae7f8f5eff001ebdbe3d7b4f5e60cf3067ff00033c41961f61360537996473ed3337e4333b2581226a37166d9e072080b30731eb4025b65993595ddfc3c6e62dcc9e1bc8f6b7fe9fcb29cbe6b7836f77e6f32bf075a075b29f07ad6dcdbd3a379600874b261d20c5d2cac4c0e58b8db414882b13904e513944e513944004004d840041b41379bff843fc83333a64244fc17fc406236c44a9c355351c96ab50ad49cfb3931cd825b96b92f68daec61703b85c3e4794d5b6d295950ed2b88603034066fc4f1266f3730930b19cc67399e634f35a1b9e7a879eaac13d65a20ce106708338419cbf23397e466acf58906624f5693d5241949f23253e7d457f3e7a7cf9e9f3e727cf9a9f3e627cf989f3cebf3cebf3ce3e7987cf30f9e61f3b8f9dc4dc7f839a3f59657f82ff008a0cab23906c66a78feaac4711d0d98c51a64e03d194e42f93fc1c7ebd929895ed116208b14c0603379bf03c0fd261fa0c3c0c1fd1ebf3b9f9dcfcf337cf337cf3bfeee77fdde63feef31ff779b67eef3acf9f3acf9f3ecf9f3ecf919167cfa9b27aab27aab27abb27ac79eb1e7ad79eb5a7ae69eb8cf5c67ae9eba7ae13d72cf5cb3d724f5a9f3eb127acae64de8ec1a2e7205027ae49eb927adafe7d6d7f3eb2bf9f575fcfabafe7d557f3eaabf9f535fcfa8afe7cfafe7cfafe7ceafe7ce4f9f353e7cd4f9f317e79d7e79d7e79d7e7987c9607dc9f837e3a59dc59863d8362edec28dbd857b4548a2082080c066ff41fa0c3098789861860307ff01b71db8ed36e1b7d1b7f43afcee7e773f3ccdf3ccdfbb9dff773bfeef31ff779b67eef3acfdde7dbfbbcfb7f77a9bbf77aabbe7d55b3d5593d4bc37b186dde73ce69cf3cd9e7cf53b41973d609eb44f5cb3d7acf5e93d6a4f5b5cf595cf595cf575cf555fc9c9afe4e457f3e7d7f3e7d7f3e757f3e6a7c9b13e7cc4f92ebf317ff008edb86dc36feaedfe39e3b9f9dcfc92df3ccdf3ccdf3ceff003ceffb8d8ffbbcdb3e4dd67ee53041fd51fe4edfe4edfd63f59861e07eb3c0c107ff008e3c4fd07e830c30c3f418d04107ff009330c30f03fd031a7fffc40034110002010303020405030304030000000000010203101112213104203032415105132242713340611423814350529163a1b1ffda0008010301013f005fab221c5aa704bcdd91e4565dafb1786bb90fbd5a089ab7faac87169f04f9ec8f22b2ec5da8e3bd0c5d8af81f808812dd5bfd4643856992a6a434d6d78f22b2ba176c463bbec62ed5e0bb217167c8ff005087031ee6ac4b0548e566e88d95d0bb6231f87923194de2316ff0869a6d358667c28ddf23fd4453f292e0fb4a9c94e598e193587644785657421f621f82ad82851957a8a0bfcbf6453a54e9c5460b08eb7a4f994fe6417d71e7f95e1c4cda5c92f3c7f053f292e0fb4a9c89b4379b223c595d59f6218fc057e8a82a5454dade7b995e8d94db3aea1fd3f5338af2bfaa3f87e0e042b4f925e7894fca4cfb4a9cf6223c59598bb50acc5d2750e29aa6c9c25078945a7ecee877c9d2d2556aad5e55bb25537f2a2351378641e0f8be1d5a2fff001f84af227e6814f827e87da55e7b6365662ed42b70d324f4637e52687a2bc74d48a68aff000f94332a2f547dbd5590ee936f08e9a92a34f7f331ea7c7fd8a2b3b91d91f119eaae97b45782c57913e6052e099f6957b63c595d77218c82f9fd2509ae52d32ff046a6362354afd353ea22e49253f727d3d6a6f0e9bfcadc542ab6be87b8ba5aaf9c221d2c1492965ec4634a9a49422b3cbfe078764fdc4fd8f88c52ad19ae251ffdaf1644f9814b8267a1545d91e2caebb90d8d9f0caea155d393fa65ff00d2a74da29eb5bc9bcec2525e6ffa22dc791cf2999c6e27a9c9e76338df3b3889a94ffc21313366459d7bcfcb5f9663c042bc8a9c2fc94e437933b155f6c78b2b317764632327192927ba6749d4c3a8a6f2f7c6ebd992a6a1994b1b8dac32537f2d95aa66314b992dca4be84bdf91c7321434cbfc1bfa276c99db62b252845b591420f6d087420fd193e9b0b29928b8f3dcaeca9e420d8a439649f6c38b2b3177218edd04b1534b7b3c64eb3e5b841ae458d24e9b517ec47f538170b022ad4c6f978ce114ea26f0e284e583561a528e0d932b37a1e10d557ee46738bddb14f254a6aa47f91a69e3b55d93f2b16cb256ad85ce0a5596126c976c2cacfbe2b2284454e0ca9452594539689c58eafcd8c30549aa34de72de32d14faa9c96ac6136f617eb471ea68c6927b45b425aa3a5afc3214b4bcb67b0f12d84dad992f28992a719ae069d3960849496cc95252dda1d0c92a0d21ac595b237925e5638e624ba5d6d658ba7d3c0d6236516cc18216421f7c50a39234f254835163e4e9de9a70fc128ea5f52fc8ba5c3d2a6b4b650a6a5d5b8ae209938a4b644da69a23b4123f967e0487152436f4b4f922ed563aa39c6e2938b213d4adb493455a5a7260c9917031b6f6488c4c181c7268124282668140d235662ed8c08c48408d33a8588b194e5fdb835e8467a9a49956afa2f43a294955969599491529d6d2f74b0b7cb20f537197287a5348938afb90a5097ab30b77191aa38df626d686f241fd565b925bb22f4b4465956a9bc5927bd959905dda72c8c4c18304a394318bb231114e39234f834a4757e41942a25983f5e08c169524f72a3939bd59c946aca8cf522af551af4629ace56ff00e0f98fed585ec2a9fc31d4c27945393c7029c5f0694d15711811e447a9358931a212f4148ad9d1dd118aec514918b4a4a2b2c7d6d34f0da29568d5e1935b983062c9658a22453d964a72c952a60ea6a6a8a565b3c94ea4274deb9bcaf427e61228c62a3890e097dc4d3465a2127e8c8ce2d6e39956a6b6670c4f2ad57795f2d32b4bfb77cb3531111f6322d38a1417c852115f7834b93acf8775952bb9c5e63ed93e1342a74f06aa7b985247ca3e533e5b3e5b210dc5088a92c92828c5149a2aac959e64ee9e303791368d6f3c8aa70c751be0ce44cd4cd4dde3233b12796219c935983b3e2cb7911443b59bae191af351d3ab614acd2f612c10646cd21b891947245115f522b4f7c104f49523f4b64de64ec85d915692d9d95977485c127fdbc7647917042ca32970b24a2e3249abc69ce6f118b64a94e1cc45d906855121d51d46393232c328d4cec456e8abe721b451d54b4d17fc8ecbb16e6e85232262b736dfb18f64913f2f62e48f04449b6923e1bd2461456ba6b2cf8b74528cfe7423f4e3715ba1a6d2726b93aaa7aa2f08e1b4c575dd4e4d329cd348a8d39b2b55708c7f04eb4a71c376c1b7670eced91332212b2b311cb2aec92bb17247811f0ca2aad6cb59c1469463059e49d084d34d2699d5d3547aaaf4e3c29bc1471ae393fa88c382b754dc1e06f549b15e28d8715780f08555a3e6b722a54d5668c774477421193223231108ef92bbfaaef9111e2df0b938d5960a529b8a1b9707c4a2e3d6f519ff00914dfd6892dc9f919ea277a349547873491568514928e73ee494e0f7e0cd9313c8fb5f721dd5908decd9c98252508126e4f23b3b478b7c2966a328bc410f947c6638ebaa94fcf125c93f2c84d27c1eaef1935c0abb489d57215d5df8c842467630d9a48c72cd96ecab3d4fb34a34a38b7c3eb2a55b7e194baba4a3e647f554b9d47c52b2add5d49222f0d0ea47dc75224b0e5b76e3f679b62e991dc5b23193ca8ab533b2ee5d8a735f733e754ff932596f2d98349a4d3811831d9831fb048d29a386422a4d138e9934220864112cbc938b4cc330ee999ee63fd8e4cf7e442e512fa72ad4c94149a1c312c19c098a584c8cb28a91d8dbd8fa7d8c44c446a2622610acad9dc7fb17e121b7279764dac289294944ce5645bb346c9e4c6c428e20a4d95764fb5f664c9abb33e1e7c54aeb82117a91557d05249c1ac6e8d2f27090f846a9631924dbf51fef5f85976c34a2fdc82c7249a687271e075647ce90eb4cf9b235b66abe0c1a4c334a34a34a349a4d269349a59a59a59a4d2cd2cd2cd2cd2cc330cc330ecd18661987e0ea7848557290e637fec79b67c0dbd8dbd8c2363636308c234a342342342342342347f268fe4d1fc9a1f8db993264c9933fb0c99be7fd81597eefffc400331100020201030303030205030500000000000102110310122104203113415105326122304042507191235281143362a1c1ffda0008010201013f00fe443d22447acbc1223dcbb909091437489b1112c7abd168862d17622627c0c8fd88969123d92191fdb422021a27c68888dea87d8b442ed44cba92191fb0979d2229345deac647f699111111664d1111eabb5085d8b444c90c8fd84842e0ab4275ab24474f7fd864448421be09caf444497639c60ae52497e5d09a924d34d6a842ec5a244b4910fb5921793dc8924d323e347e0911d3df57dac4444225e07a2224b4b3a8cf1e9f139be5f88af964f2e4c92739bb91d0f59e9cfd39bfd127fe1f6216a848487e09692f043ed64bc913dc80d6afc1223d8c7dac4445a4de8844496bd6e679b3b8afb61c236fe113547459de7e9e127f72fd2ffbad508b10873a14cdcd8f497821e244fc913dc8763f0488f9d50fbbdc4447d7f491938bccbfc3a21384e2a509292f94ec9bd51125a75799e2c4f6fdd2e110c6abc8f1bf289c6cfa5718b2affcff00f9dab591110f497821e244fc913dc8763f0485e56a87dcfc88f31688c3727f8e191593a796ec53717f8f0cc3f518e4a8e64a32f9fe57aa10c6d4536f848ea32cb3e56d7db1e111a5e51b8db6ecfa7c6b0c9fccdeab45ab2221e8fc321fcc4fc913dc876c85d8fb988893ac1d4e684bc37ba3ff003c92c7689e14cc39f274d249db87c18fa8c1915ac915f87c31e7c2937ea2743eab12f0db27d5e478dca3b63cf04e59f336e5964ebc26f8b22e711493652f644f83e9d3bc5383f3197fe9eab45ab2221e9221e59311ee43b642f3d8fbbdc4247d4ba7df894d794433394f6b5514921ca3edfe4cad3231fd49be46ef6c49adaa10ae5896e7b297124aca7154fe58e348a139225e0fa746bd67f94b55ab7ac747a4bc107c92424511ecf9242f3d8fb9a2244942338b8c970d533a8c393a4cbb5db8df0c7937d2472dd9082dfcfcaa30635eebed7c199a596ebc78149ae7dec94d34ff00b96bdc569942e3c9d3ce50c9349d5a3d4c977bd8ba99af34c87569ba92a149495a7aad1764bc09d343624d942ed90bf650c88847d495c1492e637474fbd29265f263c89ca2bdfe47ff006fc8d5c9d9248c78f9da92bab6dfb19632872a6c7b1ed6b8b566cb4dc6765368c097a8ad978d7ba1c6325c24389872bc72fc09a6ac5a31764b93dd095ba47d3be9b2c8f76483db4755d24f14e5fa5d0bb6623dbf65b3d467ab22196ccf1f52328fc8e0e1292662c4e75254ae549fc197a6518b5bedaf714af036c53fbc854a69332a6a7be3cfca32657349550b95f1c0ae3cfb0d27caff00043898d2232941f0c4d4d124e2c8e694384c8f55443a8dd213b42168e6932324cf8314b6cd331fd6a11828ecf648eabea30cd8e51af25f3d968909763ee6cb1c884af4ea16ec93697b909d45c775737163ea324a14e1cfc999fa7d1c7e65442dbe5ffc18e2d49368c8ae7655ae11fdc932337168493926bc0d71a6396d90d29a271a7e0e0e62d3461cdba909090f84c93e4c4f9143dde898d913768e546e1c8b13d5f6b90d8d8d98b4c896f9a6bc8e1516da3161fe6f93a8846505b9d28905893f77cf0645b2a517c316e926c8a9ff00b58e335ec8b6e94a3fe078e57c2b44135349a1f83c0c8be10f944a34f4c37bd5117c22c9caa2cf720e98fba3e09b2cb2c8cb913d1e9efa3631926231699f1dadebd873a74d706351505b6abf064829c6990c0f1cdb4fc3e10f1a7f70f1fe4f4d5aa3247f238c90a524629394c7e067b11fb509924389d334a7542d32f8d5f6a2db25a420e7251447e9996493499d47493c1f7264245965965eb7664211b211ad1abe0cb8e719c7645537e4c7f6e9393be11bbf02a124fd89457ba250717c15662c7b168d73a4385aaa68e9d56462d26ec5044d0fb50f862e64d7e09793a56a39549f83a2fa97450c4949533eb9d561ea5af4be0b7167aa7aa7a87a86fe07267a8c8646d926db31709763569a66da1a46d1c1bb4287c95450e28514bdb5686b917818b4c2eb225f285a49095449b1f771ee8a5e68946d8bc214a4bdc6dbf2cc8b9197c885624e86c7e198e271b883e52ee6b493d22ddad19fd87a5f6447e4c4bfd54c4219fca4bc8f46d2f2cb4d5ad5ce11fba49109c277b643f22d722767a6d8b10b18a2513870331ae0ae4c4ae7df2381c51b7c68f47c69c762172d987ef10867b12f233c727d47aa939d63c8d1f4bead64c7e94e5fabdb5eb269f099d1e5d8e9b1d3e745a3d28da6d2874649c133154a0a8843c8a2977be57650d143bee678474fcb6cb2c43f04bc8cebb2fa588eb3ab9cf2ca9bda99d3f5d931ce2e32699d2e479ba5c191f99413665bd8ebc93e9e53460e8d29ab66d51548f7d5f9d137ac892933fe99c9db663c6a1148492fd992ec63195a3121693952a3a6550d51ec4bce9d7c54f1a4cea31628e49afc9e9e352b3e9d252e83a66bfd889fdac5ca463fbe2495e8b493daaeac8c9fbd09464b83c6bb4487d8bba5e3b18d58c671a25a5918b9e4229452427a44f625e74ebe5b608eae7febccde7d127bfe9bd3bf84d13fb2447ed443ee8ff718f5a3d38b14231ecbfdd6b4b1e8fc0d95c968dc39522dbe11871ec8fe754d9b99bd977a75985e5c4d2f28eafe99d44f237188fe97d4f8d8cfa574efa6e870e27e52e4a238e75e058a672a3cf659b8bbecf7d57edb5a5e8c687c0f9621bdccc38ab97fb1658f6fc21c61fed42692371bd9bd8e5659b9165e968b2cb2cb2cb2cbd2f5bec948ded33ca25271212528a6324c44d91a5462946495329148ad1a2bb6bb5ff112f0456ee74c8427b5346fb8956550e36d0d18e4d3e18b7fc9fafe4fd7f25ccb91ba45cbfa0b1251458d26ae428c5c8ae687c23772d509f24bc908fea42f0bbf69b4da6d369b4a28a28a651453fe15f924ff004f2637fad13b52b4f865e8bc9685e48bfe8d48da86a8e1b6499188a09f916289e8c0f4607a313d288a35dfb99bd9bd9bcde6f37fe0dff8371bcde6e46e46e46e46e46e46e5f26e5f25af92d7c96be4b45af92d16bf6762b6cf469b36090bf8aa28a28a28a28a28aefe4e7e4b7f25cbe4b97c96cb66e91ba46f91be47a8cf519ea3f83d47f07abf83d5fc1eafe0f517c6b456b4514514515fc35694515db4515a51457f53ffc4004110000103020402080502040404070000000100021103211231415110710413202232404261305060819123d1145272c13362a1e10570a2b1446373808290f1ffda00080101000a3f00d7ea4d7ffa9da2cc3982f12995299b0731c1c3ea10d6b44b895598c6bb261c38e7572eb08bff00fa4a77f0ef77ebd06f86a37f7083e8d560731df504bcdcc2634924b8c071076e68e107c5084e8a3a2f497cd171ca9d5db93bceebf41724475920bcea0ff2a0d6b2d7982a3ed6e1117e4770bf51ad14eb0d9edf39eafa0b198c93d936151f724fb045c7469ee92b94881c33470748a720698d9e73d43e8100869c2b13de2ef71191d24e4832ddd153b8de4014d902486e4392cb63fbe6bfb2ba82ea907ce7ac7cb657595066d1a2aacfe9ef26b9dab4d9df83e469b3a3301152a3b43ec354ec59beab9b2fa9ecd2ec94989c0492f71d8b8a6d3a80f786112d9de560764e11dc9dc6cadc090daedf39ea1f2d19143149cc62561918828878c9c2c415d7521eaf5841db8d47c6f60372b13480d2e1a927258ba63a496ce37306e6491298da518857dbda01cd35c3674ba535cd020b6082110d394641492859e6a1e4d1e73d43e5d66bcc0449d4edeca13846a8b2a0f5031f941aec8566f85c7dd020e447c30b1b29bdcc17812dcca0e753a26a6171b079dd1ad5abc385260c2081b928f472dbb1a2a65f845ee3ab5b27984fe4fb128b49d0190b556a5d1a1bcc9f39a85a7cb49eb61cd8dd6239a09ce8d8dbec161d89224a186208946a5119d327feca1c0c3987307b40089430b0620747019c7240462bed0aa06b0cbcb6d03fca500c691443b371ad544c9e414b00184ea48372882f634d52064d1fba0e3860f33600058aa67613879a200cca246830aba2602bd6e8ef71e63cd6bc741f2def53747d8aef582b20e84dfeadbf741f3f794d669194aeaea62b9193c0c94d41f60555655738b488b48d8a14e982d264de0e89e18244bac5c468d581ad6e038b371281e8e1d871b44fb90213dad0e25ae070e2b4e24fa8dc391387ac0f193535d4cb9ccc504f78774b4b46a89ea1b8ebd573bfc3e907bf51cf3b34405359cc6d2b889112400af50105fa49b401ec164e127324e400e481afd221d55eeca93064c1ee838477715c93b941ad19de0053073081051c14cc559fe5758ab1123ce683e5b2d758ab0b82a1ef127ee8860cf72bee7208367c44e6e58ffcae3914d2482e601260ed0a58e74864c778e442630d23ded4b5e330aa39e7a6754ea793800e8263642abe97eb96e41d80c20d7567b6b566810da6c9f0b5369746a4f2de8cdc9b0c38711f7429bba2b2a39ec709775b4cc06db420c828b2a509736c1b883ee5b1ec562a7d1fa53fa55466a5d486211b0714f756ab4dafe94737759509760e4314943b8c0406e64947bb4b1e1db1a2e6e2cbdc9461a3c3a5b352728d943464d0a1b16dcc2c8e5cd4bdee6b7f257858d1f81e7341f2eef34ab0000c390015caee8ff544a6e016b2bff293e0f7098e01e1818e16c7bce888a95038d3661000a9e1ef047f89e926a5678c3701c61a093900890de8d531873a4e16e44a143f8de8cd603ab1c0d881b1d53581ef38db3687dce1550d275773249b3a90b808b7a35621b3bc145cd3d28324e4434e24432bf7ce030e73ee4b89fe5d829a5458c351f8a434bf2613abb609c1d58b5b4f62583df48cd097e16006c35ef72b2717549eac6a4075dcbf4e311dcab910d6ec3495668cd5da8021e334d36d3ce7a7e5ddd70828636ebb85ad90688f08373cd12d98000b216120ff00b280c18bfabd910c2497d327ba6465fb26bd94299731cd24b5cc7190ee632562c01e06f2614d77d1aac71cad9041b4c452bfa40101e79ea8d4a351ce235819384efaa3d7e27b63269aad1668f639841a3a333af31780c6e47ee5170fe28d3a74bfaf3253def24349658822f81837df40a8d4ab871747a2d38f0bc9b93bb8e5255265261c354cdef682647d82a62abdd85ac6105e40e5900117340ea582618de71a2fe26a5203ac6b012274c472006c802e74066609dca97ee3fd61106564449443386247803f434556787728e21707628c9d535e08cf2847ab0eef103447ad6b0b1d1b660fbac79f5ac1f8242151d52b547d27e4703ee18538ba857654734092f635e094d0ca1d1dd339171c894492c68634e6ec0d933b012aa5414dfde6d89c7701e0a314c9019a07831f737585a68d6c6770d8c2d1f728beb637385c81d63fc2d1ec3528d6869155e6c2a3cdf0b7fcbb81f75d1a83df21c69b19219cf20aa111870b8b5cd2068200c29a7a33991d5d2719781fcd6128b016e1a603a0806f3cd3e1f2e2082d04ea5e738e79aeb1a0001c0e00539d56a3ee22001fb292c1248d4ac227bc215f08b7660a91f434922c50b9ccd908c8c190420f2584104c15483c901f46a3097bd8768d94b082c3effee140a752001ec896b6c393ac4264fe9f71c3c618e8213e8bcb9e683e63f4a0758d3be564d14aad37031939ee7cb7908165dcaa4b881e9711240daebd50e056238cf56d19b9c53a952f451a76809ce2330e7194e0e1734c9cd38e19042a620e40c16fba61ae44e2938adef914f0e9b3031b03ee117cd834403280ef7849ca535c40928ba05dab083a94494513c0a8fa16216b09ec791e00643b629b8e6ee9b3095d65439e3173ef29866ce64de47b2f15f0abac2e0c7f5447a5ce91893eb56a54d949ae99359ad973800328d51c0603c1748b02dc23d8ac38e9e070f7560a594643769dd34beb4e31a819001104410ae402bbb5a9b6a16aa98e25c18e0c60e6830032d70903fa5a0a71bc8be9ba01f9c1b877bd941cb286f2250902e226426c670441424284384f03628e7e535ec121cf0d598f95e8a2a076da270c3021c482e4e7bda3101a03cca78635c71e0710c60dad9955e9c11fa98cb6e9fd37a2cc165432f1c9ca69d46483b6e0a82e86876a0b90a7d7b1cfa869c91dd3e1a7fba6c626bdad1e1826e392901f2d47c1017f88896190d23494e70261a40cd06358d9739d6023324e8116517b1b4fa363ee9ea69faced89530d6120b9c30b04653fb22181d62613861c9ce74091c9439b62f192d3bd86e0a966519056517e22788569f29af1121486ba5010020797caed8ae3250c8d0a14fa3d2c42a546df0c0f0f358db56a9ab056161638867a51ea9ed248e4bb938d9ff6281ef05773c80c26f2026ba22c09c3feaa41cf9aee0777a16320c8c26e1748b583dac257487176af6601f9299841c4de8ccf038b7f9b5742ac00a8585ed8683b364e9c90eada6cc20340dcc6a539a459ac17714e83e006d645ae9b39d6b2c44d848b14046a1663baa18ef0a38781b2bf1303b36f8faf17272704ecfe56d7106c0a7d0e84c80f7d320b9e76f6581afa470b8e65db92b0d7e8e5cdc050ebe81269839381d11a755fdd630de0297d36fea91972e6a0412e1fbfb238264de3245c0304d8345d5a2e0044b4b61a45d3018046e9ae701944ca2c791dd2cb1a7cca155d80f5ce7bc17893a27b83059a4923ef08530459ce76071e4aa434c637cbbf08c0f541053449cc9241507d3841c965f90a0ec02ef81c2238e9c335747b17f81af6b5e21043e58ec44801115478f12226c2d38884de8dd28f8dfe97730ba0d46581a8d79b80993070d3a2201e6e2b3aa0003250066778d14ce872b273c9121c4a1849d10c6e6f709b08502cd902ff0060986a0600f00102343758dcf6de481209cc86a355ce377d56c0939c6f083db366b5e1a0f341adcdac267f01300020591c3b671ca13f626022e6ee8161cc0ba0093c96615b8da55fb11c6df075ec6bc086ce67e63ac908bdcdad769b04e6d2eac08a7e1738ef2861a738db8e47bb84aaee05d6739c031ad0812e0489b885df79c4e3adf75abb110355064c0372464a1a2d0565f9471b60b4c6bb275c9c3dd19f329fde925a00c446c8b1d200c2e0317b125075af040b04e3500b197402a8346e3bc40fb2c63501849fca120e64153ec3253ccc2eade3f9ae3f2134e2362ae880548565af6602bfc7d548f99125d723d9100d432cceeaa863dd6eac6211fe6559c732f7d221bec020e320b580f740dca1ccdec340b2425ae739efdb5cb7520873848dd35b8bd4e30535ce896b66e9ac799cc68a2a3467189df8553a4d524c34b30991ec838b5f9173535b5099777db65d12998cdce3fd97fc370e81af217467ff0045484d70d261c8b9a360d213e9ee0b4856d60a3836cd10838c65d8d569c6ff0041fe33420cbde66f2764c6b0d8979b2654d0bc10d0d03508baa11dea8f32ee1a109b4ea54a98dd8e9e32babaad761acc1e970ce3d88ba9a4eb307357371ddcd1a6209898c4aad37b806ba4e2693a1b2aafaaff005086045a5ed12ea6c175d490ed8094de7129b3b802c991ec111eed2426d40464e602aad377f92a12dfbb5ca8576ea7043ff1629cd03628220a0e66cebac3ec6e146cb32b4eddd5a50cbcc0cfe4b29c5d55b05536366ee71030a2e79cde3bcaa0d313985a0f22787356846ad07806bd3cc83907008f55d19e5d53d9adba6e164775b980bb907bda26ba89379b93c90791dea630c380f64310b0eb98dffa5cd885d5b85b0bda1c3fb1589baba93cc7e0cc2206d51931f76a691ff96e94c6c0f5587de107ff00e9b814fa6372862191439eaa50cb2392c27fe950a46a17dbe0de7b5af92d484785fe4a29d3a671486758fb7f284e0cd2b74b38ea1f7c390552ad478b39c721ec3201404099c948d0050c8366dcdc66ef64c752aadc351a3619154812d0d97183c930826089c935cd39c69c917341b35e317e15f5a673ff00e275e49a4e4d6b859e07a798d9383b22c261e3fa5daf22b0d5d5b118bedba87036736d75d6362dd60907ee2e0aea6aead7bb0cf278fee15511e97e7f6d08e49b337b7194422edc1f87afc4d3e1916289ef1cf8144fc8e57ecb118c9754c613355feafe91b04e6d1065c4f8aa73d87b7024a8599bbcab932e30a316ba955492d8265170111890c5188287b06223752d78b13eda3bdc68500f3e0aa7277b3bf74f05b9546d9edf79d421563ff114fc45bbb86e350563a4727b45b91d8a9d8c6481a7a34e5cc6c8bda37f1378843ecaea0156f83afc028a24ca2b4f87a1512ee1af6ca307cd40ecf31bc2bcdbf75607bc56bc02b42f76956575915e126dbb4e617e9b88731db039150261a75690a436cd7665bee371ec85c736d46ac0e22f48dc11ed39f2418edb4fb6ca385c66dfee3b10812a4cf95d07c3d148945a56a3b647999527b1deece4adc335a2ba12870bd27161fe975c2ef3333b8d0fd9439a25a7d8e8a59371a83b841c0ddaedd00ed1dbf346da6a14b74722084247887f70821c0dfc9e678e83e29451f33af64bdc7260b01cca006c2c3b17d15cfc0cbb1a03c266993f76df8777fb15de6e7ee3744b4e7b83b85a48232215bd2fd5bcfd90f7072215b6d42b85cc6de5bd5c741f31b0f8d937867887e47092cbfd8ad32e56501c247eca2f63b1fd8a870b10a23c2edbfd910e0543b6df9797f571d0768fc9f5f29ac2d4ab4df91576bc850665bcd5d77d83f2dff650577da3ba7f986dc21dbf96f571c87647c0008f9a64b53c3302798b70f167cd64bb8eb8fd9159f886cee1211f29eaed89e1e2c9663b3a2d7e6f93b87b8e6385fc4de7b7080e11f7d0abebe5bd5dac82ee83c21cd32143c663e05a5488f31af9cdb86478c62bf0f167cc796d7b5cfb0439aafaf1b9524f1d51c3f34db8fb70f76f3e1ee398f2daf6745af67271f9e6bd9b859dd5c2b1b8f2baf674ed7acf6fd5f0800112a0a1f2bb1ecdc795d7b3a76bd7c743d8f57c2796e83444220a385493f426bd9d3b5eae3a15af1d42d110bd5f04a28fcbac7cde9dad78fa4ad4f1d95c8f863e7123ccebc7428f88c713f419cfcadc760fd4210410f9e5be36bf4b5fb197fcc3d7e0181f4e589ec492a1489ed8ec6bf4debd8bcf64e68fd2b6ecdbb1607ea0d16a82170b3282d7e6878145145147b36f3c6fc0a28a28cfd03a797ee95a2b83f45e9e5ee0cad21589f949e07e723e9628a28a28ff00c8328a3ffb32ffd9, '');
INSERT INTO `services` (`ServiceID`, `PetType`, `Service`, `Type`, `Amount`, `Rating`, `Info`, `Image`, `Image_type`) VALUES
(22, 'Cat', 'Veterinary', 'Corona virus Vaccination', 1298, 5, 'The dog coronavirus vaccine, given by vets, helps prevent a specific virus, reducing symptoms and transmission; making regular vaccinations important for your dog\'s health.', 0x687474703a2f2f3137322e31372e35312e34322f706574696f732f696d616765732f32342e6a706567, ''),
(23, 'Cat', 'Veterinary', 'Home Visit Consultation', 999, 5, 'Veterinary home visits bring personalized care to your cat at home. A licensed vet checks your pet, gives advice, and addresses concerns, making healthcare convenient and stress-free, especially for older or anxious cats.', 0x687474703a2f2f3137322e31372e35312e34322f706574696f732f696d616765732f372e6a706567, ''),
(26, 'Cat', 'Training', 'Guarding & IPO Protection Program', 999, 4, 'The Guarding and IPO Protection Training program teaches dogs to excel in obedience, tracking, and protection tasks, preparing them for security or law enforcement roles through specialized, disciplined training', 0x687474703a2f2f3137322e31372e35312e34322f706574696f732f696d616765732f382e6a706567, ''),
(27, 'Cat', 'Training', 'Aggression & Behaviour Modification', 999, 4, 'The Aggression and Behavior Modification training helps dogs overcome aggression issues through positive reinforcement, guided by skilled trainers for a more positive and well-behaved pet.', 0x687474703a2f2f3137322e31372e35312e34322f706574696f732f696d616765732f32352e6a706567, ''),
(28, 'Cat', 'Training', 'ADVANCE Obedience Program', 999, 5, 'The Advanced Obedience Program refines a cat\'s training with advanced commands and off-leash skills, led by experienced trainers for a disciplined and responsive companion.', 0x687474703a2f2f3137322e31372e35312e34322f706574696f732f696d616765732f32332e6a706567, ''),
(29, 'Cat', 'Grooming', 'Wash-n-Dash', 899, 5, 'Wash-n-Dash is a fast grooming service for cats, ensuring a quick and clean bath for a fresh-smelling pup. Perfect for busy pet owners', 0x687474703a2f2f3137322e31372e35312e34322f706574696f732f696d616765732f32322e6a706567, ''),
(33, 'Cat', 'Walking', '1 Time Walk', 999, 5, '1 Time Walk', 0x687474703a2f2f3137322e31372e35312e34322f706574696f732f696d616765732f32302e6a706567, ''),
(34, 'Cat', 'Walking', '2 Time Walk', 1999, 4, '2 Time Walk', 0x687474703a2f2f3137322e31372e35312e34322f706574696f732f696d616765732f32322e6a706567, ''),
(35, 'Cat', 'Walking', 'Demo', 0, 0, '', 0x687474703a2f2f3137322e31372e35312e34322f706574696f732f696d616765732f32312e6a706567, '');

--
-- Indexes for dumped tables
--

--
-- Indexes for table `address`
--
ALTER TABLE `address`
  ADD PRIMARY KEY (`Id`);

--
-- Indexes for table `bookings`
--
ALTER TABLE `bookings`
  ADD PRIMARY KEY (`BookingID`),
  ADD KEY `UserID` (`UserID`),
  ADD KEY `PetID` (`PetID`);

--
-- Indexes for table `customer_details`
--
ALTER TABLE `customer_details`
  ADD PRIMARY KEY (`UserID`);

--
-- Indexes for table `designation`
--
ALTER TABLE `designation`
  ADD PRIMARY KEY (`Id`);

--
-- Indexes for table `orders`
--
ALTER TABLE `orders`
  ADD PRIMARY KEY (`id`);

--
-- Indexes for table `pets`
--
ALTER TABLE `pets`
  ADD PRIMARY KEY (`PetID`),
  ADD KEY `UserID` (`UserID`);

--
-- Indexes for table `services`
--
ALTER TABLE `services`
  ADD PRIMARY KEY (`ServiceID`);

--
-- AUTO_INCREMENT for dumped tables
--

--
-- AUTO_INCREMENT for table `bookings`
--
ALTER TABLE `bookings`
  MODIFY `BookingID` int(11) NOT NULL AUTO_INCREMENT, AUTO_INCREMENT=136;

--
-- AUTO_INCREMENT for table `customer_details`
--
ALTER TABLE `customer_details`
  MODIFY `UserID` int(11) NOT NULL AUTO_INCREMENT, AUTO_INCREMENT=16;

--
-- AUTO_INCREMENT for table `designation`
--
ALTER TABLE `designation`
  MODIFY `Id` int(11) NOT NULL AUTO_INCREMENT, AUTO_INCREMENT=10;

--
-- AUTO_INCREMENT for table `orders`
--
ALTER TABLE `orders`
  MODIFY `id` int(255) NOT NULL AUTO_INCREMENT;

--
-- AUTO_INCREMENT for table `pets`
--
ALTER TABLE `pets`
  MODIFY `PetID` int(11) NOT NULL AUTO_INCREMENT, AUTO_INCREMENT=18;

--
-- AUTO_INCREMENT for table `services`
--
ALTER TABLE `services`
  MODIFY `ServiceID` int(11) NOT NULL AUTO_INCREMENT, AUTO_INCREMENT=47;

--
-- Constraints for dumped tables
--

--
-- Constraints for table `bookings`
--
ALTER TABLE `bookings`
  ADD CONSTRAINT `bookings_ibfk_1` FOREIGN KEY (`UserID`) REFERENCES `customer_details` (`UserID`),
  ADD CONSTRAINT `bookings_ibfk_2` FOREIGN KEY (`PetID`) REFERENCES `pets` (`PetID`);

--
-- Constraints for table `pets`
--
ALTER TABLE `pets`
  ADD CONSTRAINT `pets_ibfk_1` FOREIGN KEY (`UserID`) REFERENCES `customer_details` (`UserID`);
COMMIT;

/*!40101 SET CHARACTER_SET_CLIENT=@OLD_CHARACTER_SET_CLIENT */;
/*!40101 SET CHARACTER_SET_RESULTS=@OLD_CHARACTER_SET_RESULTS */;
/*!40101 SET COLLATION_CONNECTION=@OLD_COLLATION_CONNECTION */;
